渠道代号,日均UV,平均注册率,平均搜索量,访问深度,平均停留时间,订单转化率,投放总时间,素材类型,广告类型,合作方式,广告尺寸,广告卖点
A203,3.69,71.0,214.0,2.3071,419.77,258.0,20,jpg,横幅,roi,140*40,打折
A387,178.7,40.0,324.0,2.0489,157.94,30.0,19,jpg,横幅,cpc,140*40,满减
A388,91.77,22.0,530.0,1.8771,357.93,26.0,4,jpg,横幅,cpc,140*40,满减
A389,1.09,74.0,3382.0,4.2426,364.07,153.0,10,jpg,横幅,cpc,140*40,满减
A390,3.37,28.0,1739.9999999999998,2.1934,313.34,7.0,30,jpg,横幅,cpc,140*40,满减
A391,0.95,141.0,4155.0,4.2113,415.56,276.0,2,jpg,横幅,cpc,140*40,满减
A392,3.3,28.0,852.0,1.7358,155.19,7.0,4,jpg,横幅,cpc,140*40,满减
A393,11.91,32.0,539.0,2.3751,243.29,32.0,4,jpg,横幅,cpc,140*40,满减
A394,49.21,38.0,448.0,2.3813,257.53,30.0,6,jpg,横幅,cpc,140*40,满减
A395,46.31,44.0,559.0,2.2621,231.91,28.999999999999996,16,jpg,横幅,cpc,140*40,满减
A396,125.55,21.0,130.0,2.0766,238.87,18.0,19,jpg,横幅,cpc,140*40,满减
A397,115.38,20.0,184.0,2.0319,205.02,18.0,8,jpg,横幅,cpc,140*40,满减
A398,12.71,8.0,188.0,2.0617,228.4,23.999999999999996,21,jpg,横幅,cpc,140*40,满减
A399,0.74,0.0,125.0,1.425,152.1,0.0,14,jpg,横幅,cpc,140*40,满减
A400,408.42,15.0,117.0,1.9114,172.92,25.0,9,jpg,横幅,cpc,140*40,满减
A401,13.52,21.0,141.0,1.8211,176.53,25.0,15,jpg,横幅,cpc,140*40,满减
A402,1.53,128.0,128.0,1.6603,222.31,47.0,12,jpg,横幅,cpc,140*40,满减
A403,2.32,0.0,42.0,1.9789,267.97,0.0,30,jpg,横幅,cpc,140*40,满减
A404,20.6,9.0,140.0,1.7237,245.72,16.0,11,jpg,横幅,cpc,140*40,满减
A405,31.84,15.0,132.0,1.6553,227.03,11.999999999999998,22,jpg,横幅,cpc,140*40,满减
A406,30.74,31.0,103.0,1.6126,273.09,27.0,14,jpg,横幅,cpc,140*40,满减
A407,87.57,14.0,94.0,1.7953,170.74,26.0,13,jpg,横幅,cpc,140*40,满减
A408,155.81,16.0,122.00000000000001,1.8087,165.21,26.0,9,jpg,横幅,cpc,140*40,满减
A409,1.42,0.0,133.0,1.5467,195.21,17.0,19,jpg,横幅,cpc,140*40,满减
A410,471.3,21.0,115.0,1.7931,172.97,26.0,30,jpg,横幅,cpc,140*40,满减
A411,397.16,20.0,105.0,2.3973,244.97,26.0,23,jpg,横幅,cpc,140*40,满减
A412,0.73,0.0,120.0,2.0843,266.12,0.0,18,jpg,横幅,cpc,140*40,满减
A413,56.99,28.999999999999996,124.0,1.8223,158.79,23.999999999999996,5,jpg,横幅,cpc,140*40,满减
A414,2699.42,60.0,799.0,3.8914,362.45,89.0,18,jpg,横幅,cpc,140*40,满减
A415,1.26,0.0,152.0,1.8485,103.7,0.0,12,jpg,横幅,cpc,140*40,满减
A416,0.97,95.99999999999999,288.0,2.1058,263.03,25.0,25,jpg,横幅,cpc,140*40,满减
A417,51.47,36.0,90.00000000000001,1.4805,177.47,41.0,29,jpg,横幅,cpc,140*40,满减
A418,396.72,27.0,91.0,1.5081,154.08,31.0,27,jpg,横幅,cpc,140*40,满减
A419,120.11,42.0,95.0,1.4805,161.68,34.0,27,jpg,横幅,cpc,140*40,满减
A420,162.44,11.999999999999998,94.0,1.6565,111.44,13.0,23,jpg,横幅,cpc,140*40,满减
A421,18.11,16.0,65.0,1.8496,126.2,23.999999999999996,30,jpg,横幅,cpc,140*40,满减
A422,3282.76,23.999999999999996,82.0,2.3239,247.37,28.999999999999996,21,jpg,横幅,cpc,140*40,满减
A423,3.02,0.0,62.0,2.3292,319.37,63.0,18,jpg,横幅,cpc,140*40,满减
A424,2687.24,37.0,90.00000000000001,2.4957,244.23,49.0,28,jpg,横幅,cpc,140*40,满减
A425,148.06,63.0,225.99999999999997,3.4601,346.18,115.0,7,jpg,横幅,cpc,140*40,满减
A426,975.09,44.0,109.0,2.4405,221.94,65.0,26,jpg,横幅,cpc,140*40,满减
A427,1.78,53.0,107.0,2.2299,258.69,40.0,23,jpg,横幅,cpc,140*40,满减
A428,1.02,0.0,190.0,1.9143,383.9,0.0,5,jpg,横幅,cpc,140*40,满减
A429,0.72,0.0,0.0,1.8182,452.26,0.0,13,jpg,横幅,cpc,140*40,满减
A430,1.41,67.0,201.0,1.7517,353.21,0.0,12,jpg,横幅,cpc,140*40,满减
A431,408.62,33.0,183.0,2.9112,300.89,56.0,30,jpg,横幅,cpc,140*40,满减
A432,26.0,41.0,75.0,1.5792,224.96,17.0,2,jpg,横幅,cpc,140*40,满减
A433,5.37,18.0,180.00000000000003,1.9928,181.93,49.0,15,jpg,横幅,cpc,140*40,满减
A434,131.25,40.0,82.0,2.0127,235.72,72.0,6,jpg,横幅,cpc,140*40,满减
A435,1021.84,11.999999999999998,85.0,2.0031,191.94,14.0,13,jpg,横幅,cpc,308*388,满减
A436,1.45,0.0,0.0,1.8649,183.42,16.0,14,jpg,横幅,cpc,308*388,满减
A437,397.25,40.0,174.0,2.7874,292.63,28.999999999999996,8,jpg,横幅,cpc,308*388,满减
A438,158.33,35.0,138.0,2.5696,296.33,23.0,1,jpg,横幅,cpc,308*388,满减
A439,1.34,0.0,0.0,1.3037,233.04,0.0,24,jpg,横幅,cpc,308*388,满减
A440,3.89,23.999999999999996,47.99999999999999,2.2153,448.55,43.0,19,jpg,横幅,cpc,308*388,满减
A441,4.22,0.0,184.0,1.8782,218.95,11.0,7,jpg,横幅,cpc,308*388,满减
A442,1.13,0.0,168.0,1.8487,328.79,0.0,25,jpg,横幅,cpc,308*388,满减
A443,62.11,2.0,107.0,1.8414,187.24,15.0,12,jpg,横幅,cpc,308*388,满减
A444,434.67,11.999999999999998,119.00000000000001,2.6377,227.92,17.0,12,jpg,横幅,cpc,308*388,满减
A445,5.12,76.0,170.0,2.2231,245.51,5.0,19,jpg,横幅,cpc,308*388,满减
A446,1.23,391.0,0.0,2.1172,451.57,39.0,14,jpg,横幅,cpc,308*388,满减
A447,0.85,0.0,115.0,2.2414,321.12,168.0,27,jpg,横幅,cpc,308*388,满减
A448,351.81,28.0,102.00000000000001,2.5722,258.83,44.0,11,jpg,横幅,cpc,308*388,满减
A449,28.28,14.0,38.0,2.52,245.31,17.0,6,jpg,横幅,cpc,308*388,满减
A450,216.24,19.0,106.0,2.3688,205.55,11.999999999999998,27,jpg,横幅,cpc,308*388,满减
A451,37.56,15.0,159.0,2.265,238.15,57.99999999999999,9,jpg,横幅,cpc,308*388,满减
A452,166.28,34.0,57.0,2.6545,246.89,28.999999999999996,15,jpg,横幅,cpc,308*388,满减
A453,0.75,0.0,0.0,1.4026,137.35,0.0,17,jpg,横幅,cpc,308*388,满减
A454,1.97,50.0,0.0,1.7525,196.86,11.999999999999998,24,jpg,横幅,cpc,308*388,满减
A455,4.44,0.0,0.0,1.3474,507.23,5.0,23,jpg,横幅,cpc,308*388,满减
A456,31.71,2.9999999999999996,5.999999999999999,1.0971,263.7,1.0,15,jpg,横幅,cpc,308*388,满减
A457,127.05,5.999999999999999,28.999999999999996,1.2228,171.44,2.9999999999999996,5,jpg,横幅,cpc,308*388,满减
A458,8.99,0.0,33.0,1.4880000000000002,170.9,5.0,4,jpg,横幅,cpc,308*388,满减
A459,7.75,0.0,13.0,1.0772,403.79,0.0,5,jpg,横幅,cpc,308*388,满减
A460,239.05,7.0,17.0,1.1348,306.17,4.0,25,jpg,横幅,cpc,308*388,满减
A461,230.14,0.0,18.0,1.0898,272.55,1.0,17,jpg,横幅,cpc,308*388,满减
A462,8.28,0.0,36.0,1.0597,232.46,5.999999999999999,4,jpg,横幅,cpc,308*388,满减
A463,16.76,5.999999999999999,0.0,1.1097,348.37,0.0,17,jpg,横幅,cpc,308*388,满减
A464,2.42,0.0,41.0,1.0531,178.38,0.0,5,jpg,横幅,cpc,308*388,满减
A465,7.34,0.0,67.0,1.1566,333.67,2.9999999999999996,18,jpg,横幅,cpc,308*388,满减
A466,1.57,0.0,0.0,1.6164,193.02,0.0,27,jpg,横幅,cpc,308*388,满减
A467,1.38,0.0,0.0,2.0719,197.82,0.0,2,jpg,横幅,cpc,308*388,满减
A468,54.69,27.0,14.0,2.2761,216.27,15.0,26,jpg,横幅,cpc,308*388,满减
A469,1.65,172.0,57.0,2.4023,252.81,28.999999999999996,4,jpg,横幅,cpc,308*388,满减
A470,23.52,50.0,21.0,2.5657,188.77,14.0,13,jpg,横幅,cpc,308*388,满减
A471,64.87,15.0,134.0,2.2853,248.46,15.0,24,jpg,横幅,cpc,308*388,满减
A472,5.76,0.0,85.0,1.6576,101.15,25.0,29,jpg,横幅,cpc,308*388,满减
A473,15.28,49.0,339.0,2.5675,291.15,67.0,14,jpg,横幅,cpc,308*388,满减
A474,50.49,41.0,285.0,2.7619,207.25,33.0,26,jpg,横幅,cpc,308*388,满减
A475,0.96,100.0,300.0,2.32,183.64,0.0,19,jpg,横幅,cpc,308*388,满减
A476,0.72,0.0,675.9999999999999,1.8378,256.22,66.0,22,jpg,横幅,cpc,308*388,满减
A477,48.73,16.0,115.99999999999999,1.8536,155.87,23.999999999999996,16,jpg,横幅,cpc,308*388,满减
A478,207.03,19.0,100.0,1.9715,153.84,23.999999999999996,4,jpg,横幅,cpc,308*388,满减
A479,1.1,0.0,179.0,1.7143,237.55,0.0,9,jpg,横幅,cpc,308*388,满减
A480,1.89,0.0,206.0,1.9845,199.78,25.0,4,jpg,横幅,cpc,308*388,满减
A481,1.94,0.0,0.0,1.3969,103.57,0.0,19,jpg,横幅,cpc,308*388,满减
A482,0.75,0.0,132.0,1.8158,69.0,0.0,22,jpg,横幅,cpc,308*388,满减
A483,35.67,19.0,67.0,2.181,240.52,27.0,1,jpg,横幅,cpc,308*388,满减
A484,170.53,5.999999999999999,35.0,1.4886,215.68,9.0,27,jpg,横幅,cpc,308*388,满减
A485,0.99,0.0,0.0,2.5882,207.3,72.0,29,jpg,横幅,cpc,308*388,满减
A486,39.95,59.0,168.0,3.3213,331.23,73.0,19,jpg,横幅,cpc,308*388,满减
A487,3.92,0.0,148.0,2.6576,257.91,97.0,13,jpg,横幅,cpc,308*388,满减
A488,178.82,0.0,18.0,1.3158,226.92,0.0,23,jpg,横幅,cpc,308*388,满减
A489,1.66,56.0,56.0,2.9333,406.77,57.0,20,jpg,横幅,cpc,308*388,满减
A490,0.72,0.0,0.0,1.0685,162.25,0.0,18,jpg,横幅,cpc,308*388,满减
A491,27.05,30.0,100.0,3.0344,303.63,47.99999999999999,11,jpg,横幅,cpc,308*388,满减
A492,883.28,0.0,17.0,1.3782,234.83,1.0,26,jpg,横幅,cpc,308*388,满减
A493,9.94,39.0,88.0,2.7251,276.92,34.0,4,jpg,横幅,cpc,308*388,满减
A494,60.51,38.0,81.0,2.0799,250.96,76.0,5,jpg,横幅,cpc,308*388,满减
A495,4.67,0.0,21.0,1.605,160.15,10.0,9,jpg,横幅,cpc,308*388,满减
A496,115.65,21.0,88.0,2.2557,161.46,22.0,10,jpg,横幅,cpc,308*388,满减
A497,3.66,26.0,53.0,2.2381,445.52,65.0,13,jpg,横幅,cpc,308*388,满减
A498,3.46,56.0,56.0,3.0084,299.03,62.0,25,jpg,横幅,cpc,308*388,满减
A499,0.79,0.0,125.0,2.5875,251.05,30.0,16,jpg,横幅,cpc,308*388,满减
A500,2.44,0.0,40.0,1.9798,331.64,20.0,15,jpg,横幅,cpc,308*388,满减
A501,12.96,15.0,30.0,1.9888,332.69,28.0,28,jpg,横幅,cpc,308*388,满减
A502,12.35,0.0,0.0,2.0088,101.04,2.0,11,jpg,横幅,cpc,308*388,满减
A503,0.71,0.0,0.0,1.2639,103.5,0.0,1,jpg,横幅,cpc,308*388,满减
A504,0.73,0.0,0.0,1.5205,198.87,0.0,6,jpg,横幅,cpc,308*388,满减
A505,0.99,0.0,0.0,1.991,601.89,23.999999999999996,22,jpg,横幅,cpc,308*388,满减
A553,18.65,16.0,57.99999999999999,1.3014,136.01,9.0,7,jpg,横幅,cpc,308*388,满赠
A554,0.67,0.0,282.0,2.5634,451.17,0.0,19,jpg,横幅,cpc,308*388,满赠
A555,2.21,0.0,90.00000000000001,1.6099,132.83,43.0,20,jpg,横幅,cpc,308*388,满赠
A556,1.27,0.0,75.0,1.694,290.44,0.0,24,jpg,横幅,cpc,308*388,满赠
A557,44.05,42.0,182.0,3.2005,297.96,23.0,9,jpg,横幅,cpc,308*388,满赠
A558,4.6,0.0,106.0,1.2399,274.75,0.0,9,jpg,横幅,cpc,308*388,满赠
A559,19.39,62.0,167.0,3.0434,320.77,28.999999999999996,8,jpg,横幅,cpc,308*388,满赠
A560,7.56,13.0,125.0,3.1388,324.83,28.0,21,jpg,横幅,cpc,308*388,满赠
A561,77.25,64.0,165.0,3.2928,291.31,38.0,25,jpg,横幅,cpc,308*388,满赠
A562,34.01,54.0,196.0,3.4732,349.33,36.0,13,jpg,横幅,cpc,308*388,满赠
A563,9.83,28.999999999999996,118.0,2.2784,320.62,19.0,1,jpg,横幅,cpc,308*388,满赠
A564,23.48,99.00000000000001,162.99999999999997,3.1674,305.89,55.0,14,jpg,横幅,cpc,308*388,满赠
A565,29.69,19.0,133.0,1.88,221.56,14.0,7,jpg,横幅,cpc,308*388,满赠
A566,30.2,97.0,184.0,2.7905,381.24,54.0,21,jpg,横幅,cpc,308*388,满赠
A567,2.9,0.0,126.0,2.8454,375.19,16.0,29,jpg,横幅,cpc,308*388,满赠
A568,0.61,0.0,704.0,2.8592,436.05,0.0,16,jpg,横幅,cpc,308*388,满赠
A844,1827.19,0.0,21.0,2.4351,94.47,1.0,10,jpg,横幅,cpc,308*388,秒杀
A845,1850.26,0.0,21.0,2.4714,92.25,1.0,26,jpg,横幅,cpc,308*388,秒杀
A846,25294.77,13.0,56.0,2.0443,291.37,19.0,1,jpg,横幅,cpc,308*388,秒杀
A847,4064.1,8.0,45.0,3.1884,156.86,13.0,28,jpg,横幅,cpc,308*388,秒杀
A848,1810.84,1.0,27.0,2.4701,104.47,2.9999999999999996,5,jpg,横幅,cpc,308*388,秒杀
A849,6822.28,4.0,67.0,2.7575,147.05,9.0,22,jpg,横幅,roi,308*388,秒杀
A850,12068.18,31.0,266.0,3.4892,273.5,47.0,10,jpg,横幅,cpc,308*388,秒杀
A851,8.52,0.0,0.0,2.2837,174.27,0.0,10,jpg,横幅,cpc,308*388,秒杀
A852,1.7,0.0,0.0,1.9708,108.1,0.0,26,jpg,横幅,cpc,308*388,秒杀
A853,16752.95,13.0,197.0,2.0797,327.89,20.0,1,jpg,横幅,cpc,308*388,秒杀
A854,5.07,0.0,0.0,1.5582,101.17,0.0,15,jpg,横幅,cpc,308*388,秒杀
A855,14.84,0.0,0.0,1.0721,185.03,0.0,12,jpg,横幅,cpc,308*388,秒杀
A856,4304.33,11.999999999999998,89.0,3.0204,132.64,19.0,30,jpg,横幅,cpc,308*388,秒杀
A857,5.08,0.0,0.0,1.6621,63.73,0.0,9,jpg,横幅,cpc,308*388,秒杀
A858,1.15,0.0,86.0,1.7759,77.45,0.0,25,jpg,横幅,cpc,308*388,秒杀
A859,0.53,278.0,0.0,9.9583,680.03,719.0,24,jpg,横幅,roi,308*388,秒杀
A860,0.65,0.0,3049.0,5.9268,438.96,183.0,29,jpg,横幅,roi,308*388,秒杀
A118,689.18,1.0,41.0,1.2746,347.71,2.0,11,swf,tips,cpm,450*300,打折
A119,711.71,2.0,11.999999999999998,1.2957,229.33,1.0,3,swf,tips,cpm,450*300,打折
A120,51.28,4.0,109.0,1.168,261.29,2.9999999999999996,14,swf,tips,cpm,450*300,打折
A121,837.77,0.0,13.0,1.1692,695.05,0.0,27,swf,tips,cpm,450*300,打折
A122,397.34,0.0,26.0,1.1392,687.09,0.0,13,swf,tips,cpm,450*300,打折
A123,838.98,0.0,1.0,1.0621,375.92,0.0,1,swf,tips,cpm,450*300,打折
A124,1027.8,14.0,83.0,2.005,420.23,27.0,1,swf,tips,cpm,450*300,打折
A125,776.93,32.0,56.0,1.5872,470.25,14.0,26,swf,tips,cpm,450*300,打折
A126,810.64,2.9999999999999996,42.0,1.4892,511.82,4.0,20,swf,tips,cpm,450*300,打折
A127,515.57,19.0,19.0,1.6943,293.64,13.0,10,swf,tips,cpm,450*300,打折
A128,481.45,0.0,2.9999999999999996,1.2045,521.41,1.0,9,swf,tips,cpm,450*300,打折
A129,378.75,0.0,19.0,1.2483,333.51,1.0,9,swf,tips,cpm,450*300,打折
A130,1061.24,1.0,9.0,1.1294,536.39,0.0,13,swf,tips,cpm,450*300,打折
A131,221.37,5.0,11.0,1.3376,247.39,5.0,2,swf,tips,cpm,450*300,打折
A132,699.72,1.0,39.0,1.2969,348.1,1.0,26,swf,tips,cpm,450*300,满减
A133,739.93,4.0,14.0,1.3032,236.05,1.0,23,swf,tips,cpm,450*300,满减
A134,56.04,0.0,69.99999999999999,1.1712,265.84,5.999999999999999,25,swf,tips,cpm,450*300,满减
A135,513.11,0.0,1.0,1.0495,400.81,0.0,13,swf,tips,cpm,450*300,满减
A136,607.28,1.0,21.0,1.234,640.29,2.0,1,swf,tips,cpm,450*300,满减
A169,6101.12,1.0,11.999999999999998,3.0462,79.12,1.0,17,swf,tips,cpm,450*300,满减
A170,2.66,0.0,0.0,1.0526,209.6,0.0,21,swf,tips,cpm,450*300,打折
A171,2.15,0.0,0.0,2.893,61.76,0.0,30,swf,tips,cpm,450*300,打折
A384,4782.88,0.0,17.0,1.4086,360.79,0.0,3,swf,tips,cpm,450*300,满减
A385,1553.42,0.0,2.9999999999999996,1.0074,517.0,0.0,4,swf,tips,cpm,450*300,满减
A386,9276.45,0.0,2.0,1.3062,573.57,0.0,26,swf,tips,cpm,450*300,满减
A49,2.8,0.0,0.0,1.1815,156.15,0.0,16,swf,tips,cpm,450*300,打折
A50,0.62,0.0,0.0,5.8497,731.24,307.0,22,swf,tips,cpm,450*300,打折
A51,0.75,118.0,0.0,2.3412,358.06,32.0,26,swf,tips,cpm,450*300,打折
A52,0.71,0.0,0.0,1.6316,595.08,0.0,9,swf,tips,cpm,450*300,打折
A53,0.69,0.0,106.0,1.7234,339.95,0.0,26,swf,tips,cpm,450*300,打折
A54,10.37,27.0,2581.0,2.0878,460.32,23.0,16,swf,tips,cpm,450*300,打折
A55,22.03,28.0,2730.0,1.9634,331.8,26.0,9,swf,tips,cpm,450*300,打折
A56,8.69,52.0,2721.0,2.2492,320.94,30.0,27,swf,tips,cpm,450*300,打折
A569,1696.8,5.999999999999999,25.0,1.4892,449.28,7.0,27,swf,tips,cpc,450*300,满赠
A57,1371.16,7.0,32.0,1.3058,196.46,5.0,15,swf,tips,cpm,450*300,打折
A58,8022.95,15.0,28.0,1.2836,222.02,5.999999999999999,13,swf,tips,cpm,450*300,打折
A671,2857.91,2.0,4.0,1.1931,504.9,4.0,14,swf,tips,cpm,450*300,直降
A672,617.93,4.0,4.0,1.223,540.66,2.9999999999999996,4,swf,tips,cpm,450*300,直降
A673,2774.65,5.0,40.0,1.4392,218.48,5.0,11,swf,tips,cpm,450*300,直降
A674,865.18,83.0,474.0,4.8006,406.2,108.0,19,swf,tips,cpm,450*300,直降
A675,1688.73,14.0,30.0,1.7099,231.09,5.999999999999999,15,swf,tips,cpm,450*300,直降
A676,4701.77,1.0,22.0,1.4726,402.4,1.0,17,swf,tips,cpm,450*300,直降
A677,3005.82,2.9999999999999996,18.0,1.2415,466.74,2.9999999999999996,16,swf,tips,cpm,450*300,直降
A678,73.63,11.0,32.0,1.2954,183.13,5.0,15,swf,tips,cpm,450*300,直降
A679,693.89,13.0,36.0,1.5914,232.55,11.0,16,swf,tips,cpc,450*300,直降
A680,1945.05,2.0,19.0,1.348,619.79,2.9999999999999996,9,swf,tips,cpc,450*300,直降
A681,146.68,11.0,21.0,1.7829,290.85,13.0,26,swf,tips,cpc,450*300,直降
A682,4001.49,0.0,2.0,1.3918,432.26,1.0,9,swf,tips,cpc,450*300,直降
A683,583.85,82.0,941.0,4.1954,392.9,106.0,28,swf,tips,cpc,450*300,直降
A684,1643.32,0.0,2.9999999999999996,1.0218,575.75,0.0,23,swf,tips,cpc,450*300,直降
A686,6087.03,0.0,4.0,1.5439,764.75,0.0,11,swf,tips,cpc,450*300,满减
A687,3.44,0.0,0.0,1.0287,486.22,0.0,22,swf,tips,cpc,450*300,直降
A688,1.61,0.0,0.0,1.0121,298.53,0.0,17,swf,tips,cpc,450*300,直降
A861,66.02,0.0,36.0,2.9038,296.99,1.0,30,jpg,tips,roi,450*300,秒杀
A1,0.77,0.0,127.0,1.9494,340.73,0.0,4,swf,不确定,cpc,600*90,打折
A10,1098.3,8.0,60.0,1.9497,448.69,7.0,25,swf,不确定,cpc,600*90,打折
A100,307.46,153.0,1413.0,7.2082,523.27,308.0,17,swf,不确定,cpm,600*90,打折
A101,14.22,0.0,0.0,1.0152,232.24,0.0,13,swf,不确定,cpm,600*90,打折
A102,2.55,0.0,76.0,1.4981,510.51,9.0,14,swf,不确定,cpm,600*90,打折
A103,175.02,98.0,1084.0,5.5044,495.25,137.0,21,swf,不确定,cpm,600*90,打折
A104,15.04,36.0,263.0,5.0156,414.17,108.0,2,swf,不确定,cpm,600*90,打折
A105,9320.06,17.0,61.00000000000001,1.941,518.54,18.0,18,swf,不确定,cpm,600*90,打折
A106,6.18,0.0,16.0,1.0208,328.79,0.0,4,swf,不确定,cpm,600*90,打折
A107,1.51,0.0,0.0,1.0065,570.42,0.0,24,swf,不确定,cpm,600*90,打折
A11,493.45,1.0,43.0,1.3230000000000002,368.06,0.0,16,swf,不确定,cpm,600*90,打折
A114,1816.29,5.999999999999999,5.999999999999999,1.2919999999999998,526.88,5.999999999999999,17,swf,不确定,cpm,600*90,打折
A115,2266.65,13.0,127.0,1.6095,496.31,14.0,17,swf,不确定,cpm,600*90,打折
A12,122.04,33.0,170.0,2.7937,365.16,32.0,19,swf,不确定,cpc,600*90,打折
A13,0.64,0.0,3300.0,5.71,666.3,112.0,7,swf,不确定,cpc,600*90,打折
A137,513.1,66.0,474.0,2.6251,329.86,53.0,6,swf,不确定,roi,600*90,打折
A138,1.78,0.0,576.0,3.2446,569.2,147.0,30,swf,不确定,roi,600*90,打折
A139,1101.34,0.0,14.0,1.6067,68.78,1.0,19,swf,不确定,roi,600*90,打折
A14,1.36,0.0,2271.0,4.9345,628.01,105.0,18,swf,不确定,cpc,600*90,打折
A140,198.7,0.0,9.0,1.6886,65.93,1.0,26,swf,不确定,roi,600*90,打折
A141,978.37,0.0,17.0,1.4973,69.2,1.0,27,swf,不确定,roi,600*90,打折
A142,361.36,0.0,26.0,1.5839,83.78,1.0,4,swf,不确定,roi,600*90,打折
A143,752.21,0.0,17.0,1.4797,121.38,1.0,7,swf,不确定,roi,600*90,打折
A144,658.32,0.0,15.0,1.5743,76.48,4.0,24,swf,不确定,roi,600*90,打折
A145,404.01,0.0,11.999999999999998,1.5393,71.57,1.0,19,swf,不确定,roi,600*90,打折
A146,1119.39,0.0,8.0,1.5275,65.7,1.0,27,swf,不确定,roi,600*90,打折
A147,354.75,0.0,5.0,1.5221,69.01,1.0,27,swf,不确定,roi,600*90,打折
A148,417.31,2.0,20.0,1.5091,111.28,1.0,21,swf,不确定,roi,600*90,打折
A149,1260.56,2.9999999999999996,2.0,1.6028,81.25,2.0,25,swf,不确定,roi,600*90,打折
A15,2.25,0.0,2690.0,4.5761,465.62,190.0,8,swf,不确定,cpc,600*90,打折
A150,1107.49,0.0,14.0,1.4979,75.65,0.0,27,swf,不确定,roi,600*90,打折
A151,733.3,1.0,13.0,1.5459,61.81,1.0,18,swf,不确定,roi,600*90,打折
A152,1240.76,0.0,11.0,1.5285,61.21,1.0,9,swf,不确定,roi,600*90,打折
A153,754.35,1.0,7.0,1.5224,67.74,2.0,30,swf,不确定,roi,600*90,打折
A154,416.05,0.0,0.0,1.6777,72.81,1.0,16,swf,不确定,roi,600*90,打折
A16,136.83,36.0,136.0,2.6497,367.05,36.0,9,swf,不确定,cpc,600*90,打折
A17,4.94,18.0,231.99999999999997,3.4393,458.02,82.0,25,swf,不确定,cpc,600*90,打折
A172,0.77,0.0,0.0,1.2308,157.7,0.0,19,swf,不确定,cpc,600*90,打折
A173,5303.27,11.999999999999998,32.0,2.1992,281.56,14.0,14,swf,不确定,cpc,600*90,打折
A174,8900.04,0.0,11.0,1.9078,228.05,0.0,29,swf,不确定,cpc,600*90,打折
A175,1.9,0.0,0.0,1.2421,145.44,0.0,3,swf,不确定,cpc,600*90,打折
A176,1.26,0.0,0.0,1.2143,135.27,0.0,28,swf,不确定,cpc,600*90,打折
A178,24.49,34.0,467.0,2.7989,439.09,52.0,9,swf,不确定,cpc,600*90,打折
A179,1887.63,17.0,44.0,2.4998,310.83,25.0,4,swf,不确定,cpc,600*90,打折
A18,304.07,28.999999999999996,141.0,2.7393,369.61,28.0,14,swf,不确定,cpc,600*90,打折
A180,5360.48,0.0,11.999999999999998,2.0176,240.31,0.0,27,swf,不确定,cpc,600*90,打折
A181,0.89,0.0,0.0,1.3708,146.37,0.0,4,swf,不确定,cpc,600*90,打折
A182,0.75,0.0,0.0,1.2533,157.81,0.0,5,swf,不确定,cpc,600*90,打折
A19,0.8,0.0,230.0,1.7586,185.38,0.0,11,swf,不确定,cpc,600*90,打折
A190,64.67,97.0,685.0,2.9173,402.44,112.99999999999999,6,swf,不确定,roi,600*90,打折
A2,1.02,73.0,3869.0,4.2336,487.93,23.0,20,swf,不确定,cpc,600*90,打折
A20,0.07,79.00000000000001,0.0,2.1587,813.25,680.0,1,swf,不确定,cpc,600*90,打折
A284,170.08,0.0,1.0,1.23,212.62,0.0,24,swf,不确定,roi,600*90,打折
A285,769.74,0.0,0.0,1.3363,253.83,0.0,10,swf,不确定,roi,600*90,打折
A286,144.52,0.0,1.0,2.0592,136.31,2.0,8,swf,不确定,roi,600*90,打折
A287,102.3,0.0,2.0,1.5622,180.64,0.0,11,swf,不确定,roi,600*90,打折
A288,280.38,0.0,1.0,1.3405,235.54,1.0,29,swf,不确定,roi,600*90,打折
A289,589.44,0.0,1.0,1.4317,272.17,0.0,24,swf,不确定,roi,600*90,打折
A290,1135.49,0.0,0.0,1.3572,120.8,0.0,18,swf,不确定,roi,600*90,打折
A291,214.62,1.0,4.0,1.5784,133.23,1.0,3,swf,不确定,roi,600*90,打折
A292,523.69,0.0,1.0,1.2794,124.51,0.0,30,swf,不确定,roi,600*90,打折
A293,283.28,1.0,1.0,1.2761,92.92,0.0,18,swf,不确定,roi,600*90,打折
A294,145.6,0.0,0.0,1.005,74.21,0.0,1,swf,不确定,roi,600*90,打折
A295,7046.57,17.0,88.0,1.7672,221.22,80.0,5,swf,不确定,cpd,600*90,打折
A296,2.27,0.0,0.0,1.6053,160.45,84.0,2,swf,不确定,cpd,600*90,打折
A297,1715.52,0.0,0.0,1.8602,221.3,0.0,17,swf,不确定,roi,600*90,打折
A298,238.67,0.0,0.0,1.4299,205.27,0.0,9,swf,不确定,roi,600*90,打折
A299,269.08,0.0,1.0,1.3947,197.62,1.0,18,swf,不确定,roi,600*90,打折
A3,305.5,104.0,230.0,5.082,410.24,117.0,9,swf,不确定,cpc,600*90,打折
A300,251.06,0.0,0.0,1.382,213.38,0.0,15,swf,不确定,roi,600*90,打折
A301,338.98,5.0,14.0,1.4833,332.64,2.9999999999999996,13,swf,不确定,roi,600*90,打折
A302,197.65,0.0,0.0,1.3619,188.61,0.0,29,swf,不确定,roi,600*90,打折
A303,328.88,0.0,0.0,1.3489,193.5,0.0,2,swf,不确定,roi,600*90,打折
A304,300.51,0.0,1.0,1.3653,256.95,0.0,14,swf,不确定,roi,600*90,打折
A305,147.74,0.0,2.0,1.3417,348.43,0.0,12,swf,不确定,roi,600*90,打折
A306,67.15,185.99999999999997,442.00000000000006,3.2373,379.45,59.0,17,swf,不确定,roi,600*90,打折
A307,2.02,170.0,340.0,4.383,499.02,165.0,29,swf,不确定,roi,600*90,打折
A308,854.1,1.0,2.0,1.4034,305.66,1.0,27,swf,不确定,roi,600*90,打折
A309,406.28,1.0,2.0,2.3409,146.62,1.0,22,swf,不确定,roi,600*90,打折
A310,651.86,1.0,4.0,1.606,217.77,1.0,25,swf,不确定,roi,600*90,打折
A311,102.38,0.0,2.0,1.4001,109.16,0.0,4,swf,不确定,roi,600*90,打折
A312,104.74,0.0,2.9999999999999996,1.4206,111.76,0.0,22,swf,不确定,roi,600*90,打折
A313,97.54,1.0,5.0,1.9125,821.86,2.0,21,swf,不确定,roi,600*90,打折
A314,199.34,0.0,1.0,1.2386,70.4,0.0,21,swf,不确定,roi,600*90,打折
A315,144.78,0.0,0.0,2.16,167.53,0.0,18,swf,不确定,roi,600*90,打折
A316,39.87,0.0,2.9999999999999996,1.6008,183.48,4.0,13,swf,不确定,roi,600*90,打折
A317,188.98,0.0,1.0,1.4025,152.93,0.0,24,swf,不确定,roi,600*90,打折
A318,629.39,0.0,0.0,1.2791,123.42,0.0,22,swf,不确定,roi,600*90,打折
A319,344.39,0.0,0.0,1.2985,91.31,0.0,15,swf,不确定,roi,600*90,打折
A320,68.1,0.0,2.9999999999999996,1.2895,157.56,0.0,9,swf,不确定,roi,600*90,打折
A321,204.19,2.9999999999999996,5.0,1.4165,110.77,1.0,26,swf,不确定,roi,600*90,打折
A322,225.32,92.99999999999999,560.0,2.5971,341.32,67.0,17,swf,不确定,roi,600*90,打折
A323,20.8,77.0,218.0,2.6558,274.39,61.00000000000001,12,swf,不确定,roi,600*90,打折
A324,2.67,0.0,241.0,3.1375,244.69,9.0,20,swf,不确定,roi,600*90,打折
A325,0.89,0.0,6087.0,1.663,123.17,27.0,4,swf,不确定,roi,600*90,打折
A326,1468.39,0.0,28.999999999999996,1.6421,56.86,1.0,20,swf,不确定,roi,600*90,打折
A327,1.01,0.0,0.0,1.0291,501.0,0.0,5,swf,不确定,roi,600*90,打折
A328,901.18,0.0,28.0,1.6532,56.7,1.0,10,swf,不确定,roi,600*90,打折
A329,465.33,0.0,30.0,1.4862,91.0,1.0,24,swf,不确定,roi,600*90,打折
A330,602.09,0.0,27.0,1.4340000000000002,46.42,0.0,24,swf,不确定,roi,600*90,打折
A331,600.82,0.0,25.0,1.6191,75.3,1.0,18,swf,不确定,roi,600*90,打折
A332,399.67,1.0,13.0,1.596,71.23,2.9999999999999996,16,swf,不确定,roi,600*90,打折
A333,982.25,1.0,15.0,1.5626,60.05,2.0,9,swf,不确定,roi,600*90,打折
A334,1532.41,2.0,2.9999999999999996,1.6146,73.78,2.0,28,swf,不确定,roi,600*90,打折
A335,803.43,1.0,43.0,1.5386,61.64,2.9999999999999996,23,swf,不确定,roi,600*90,打折
A336,342.46,1.0,26.0,1.5926,61.44,2.0,3,swf,不确定,roi,600*90,打折
A337,10.89,51.00000000000001,536.0,1.9234,242.15,52.0,25,swf,不确定,roi,600*90,打折
A338,1201.08,5.0,65.0,1.5939,150.12,7.0,19,swf,不确定,roi,600*90,打折
A339,1370.23,0.0,28.999999999999996,1.5876,64.37,1.0,5,swf,不确定,roi,600*90,打折
A340,1.76,0.0,0.0,1.0056,155.5,0.0,8,swf,不确定,roi,600*90,打折
A341,1359.99,1.0,23.999999999999996,1.5742,75.32,1.0,13,swf,不确定,roi,600*90,打折
A342,1546.1,0.0,20.0,1.4602,131.42,1.0,30,swf,不确定,roi,600*90,打折
A343,1133.96,0.0,16.0,1.5077,59.06,1.0,16,swf,不确定,roi,600*90,打折
A344,667.23,0.0,16.0,1.5677,72.96,1.0,20,swf,不确定,roi,600*90,打折
A345,592.01,2.0,43.0,1.5847,68.78,4.0,9,swf,不确定,roi,600*90,打折
A346,1368.76,0.0,30.0,1.5879,65.17,2.0,24,swf,不确定,roi,600*90,打折
A347,1.53,0.0,0.0,1.0,154.05,0.0,26,swf,不确定,roi,600*90,打折
A348,1469.64,1.0,26.0,1.4454,101.62,1.0,12,swf,不确定,roi,600*90,打折
A349,1409.28,5.0,39.0,1.6130000000000002,87.3,4.0,13,swf,不确定,roi,600*90,打折
A35,0.17,0.0,0.0,4.7791,283.99,0.0,25,jpg,不确定,roi,600*90,打折
A350,1136.97,0.0,16.0,1.5033,67.41,1.0,11,swf,不确定,roi,600*90,打折
A351,337.6,1.0,14.0,1.5732,78.72,2.0,19,swf,不确定,roi,600*90,打折
A352,260.79,1.0,10.0,1.5386,96.98,1.0,21,swf,不确定,roi,600*90,打折
A353,619.46,2.9999999999999996,8.0,1.5275,67.36,1.0,17,swf,不确定,roi,600*90,满减
A354,396.46,1.0,5.999999999999999,1.5556,72.73,1.0,26,swf,不确定,roi,600*90,满减
A355,2942.91,2.0,52.0,1.3733,216.56,4.0,19,swf,不确定,roi,600*90,满减
A356,0.78,0.0,127.0,1.0253,166.0,0.0,12,swf,不确定,roi,600*90,满减
A357,675.88,0.0,23.999999999999996,1.652,55.56,1.0,25,swf,不确定,roi,600*90,打折
A358,346.1,0.0,26.0,1.4907,90.49,1.0,22,swf,不确定,roi,600*90,打折
A359,450.74,0.0,27.0,1.4395,46.92,0.0,22,swf,不确定,roi,600*90,打折
A360,446.52,0.0,26.0,1.624,71.31,1.0,10,swf,不确定,roi,600*90,打折
A361,836.44,0.0,18.0,1.4841,136.51,1.0,24,swf,不确定,roi,600*90,打折
A362,119.54,0.0,10.0,1.5585,71.16,1.0,26,swf,不确定,roi,600*90,打折
A363,578.19,0.0,11.999999999999998,1.4386,114.72,1.0,27,swf,不确定,roi,600*90,打折
A364,878.2,1.0,11.0,1.5427,60.89,1.0,22,swf,不确定,roi,600*90,打折
A365,1480.21,1.0,10.0,1.5308,64.93,2.0,11,swf,不确定,roi,600*90,打折
A366,1684.74,1.0,4.0,1.5536,74.94,1.0,19,swf,不确定,roi,600*90,打折
A367,89.43,1.0,10.0,1.3091,55.16,1.0,14,swf,不确定,roi,600*90,满减
A368,393.62,0.0,11.999999999999998,1.4425,142.97,0.0,29,swf,不确定,roi,600*90,满减
A369,1057.87,2.0,2.9999999999999996,1.6017,71.27,2.0,13,swf,不确定,roi,600*90,满减
A370,881.77,0.0,11.999999999999998,1.5971,59.54,1.0,20,swf,不确定,roi,600*90,满减
A371,996.42,1.0,10.0,1.6045,60.41,1.0,11,swf,不确定,roi,600*90,满减
A372,153.21,0.0,8.0,1.6127,51.95,1.0,20,swf,不确定,roi,600*90,满减
A373,258.32,1.0,7.0,1.574,57.9,1.0,20,swf,不确定,roi,600*90,满减
A374,1012.55,0.0,28.0,1.4911,47.19,2.0,10,swf,不确定,roi,600*90,满减
A375,489.81,0.0,41.0,1.6446,56.97,2.0,8,swf,不确定,roi,600*90,满减
A376,742.15,0.0,25.0,1.6568,59.39,1.0,11,swf,不确定,roi,600*90,打折
A377,0.75,0.0,0.0,1.0,154.05,0.0,20,swf,不确定,roi,600*90,打折
A378,224.31,0.0,25.0,1.5366,85.94,1.0,22,swf,不确定,roi,600*90,打折
A379,324.36,22.0,214.0,2.0138,164.84,23.0,9,swf,不确定,roi,600*90,打折
A380,384.98,5.999999999999999,51.00000000000001,1.6848,81.95,5.0,11,swf,不确定,roi,600*90,打折
A381,267.21,0.0,18.0,1.4446,157.97,2.0,15,swf,不确定,roi,600*90,打折
A382,295.91,0.0,14.0,1.4185,123.42,1.0,23,swf,不确定,roi,600*90,满减
A4,1189.39,4.0,27.0,1.37,478.29,5.0,1,swf,不确定,cpc,600*90,打折
A45,226.54,26.0,40.0,1.4799,289.12,11.999999999999998,12,swf,不确定,cpd,600*90,打折
A46,59.13,2.9999999999999996,33.0,1.2975,224.8,5.999999999999999,18,swf,不确定,cpd,600*90,打折
A47,55.88,2.0,40.0,1.3373,215.93,2.0,28,swf,不确定,cpd,600*90,打折
A48,9.1,0.0,73.0,2.1897,455.43,28.999999999999996,24,swf,不确定,cpd,600*90,打折
A5,1117.88,4.0,27.0,1.4559,440.44,7.0,28,swf,不确定,cpc,600*90,打折
A550,1.92,50.0,250.0,2.7,321.48,11.999999999999998,15,swf,不确定,cpc,600*90,满赠
A551,0.18,0.0,0.0,6.4211,388.22,265.0,16,swf,不确定,cpc,600*90,满赠
A552,0.49,125.0,0.0,6.9125,284.79,1409.0,11,swf,不确定,cpc,600*90,满赠
A59,0.65,0.0,972.0,2.2222,241.41,0.0,16,swf,不确定,cpd,600*90,打折
A6,1063.37,5.0,11.999999999999998,1.2821,476.98,5.0,29,swf,不确定,cpc,600*90,打折
A60,0.73,0.0,1519.0,2.2025,198.4,0.0,16,swf,不确定,cpd,600*90,打折
A61,1.44,0.0,1216.0,1.6486,352.47,17.0,3,swf,不确定,cpd,600*90,打折
A62,0.99,0.0,826.0000000000001,2.4545,397.95,0.0,26,swf,不确定,cpd,600*90,打折
A63,72.35,11.999999999999998,43.0,1.5359,269.37,5.999999999999999,26,swf,不确定,cpd,600*90,打折
A64,62.3,5.0,34.0,1.5254,266.89,4.0,24,swf,不确定,cpd,600*90,打折
A65,78.21,4.0,42.0,1.586,294.97,8.0,21,swf,不确定,cpd,600*90,打折
A66,51.75,28.0,69.0,1.8624,390.41,28.0,25,swf,不确定,cpd,600*90,打折
A67,21.94,27.0,36.0,1.372,269.4,2.0,3,swf,不确定,cpd,600*90,打折
A68,64.6,2.9999999999999996,44.0,1.4722,267.0,2.9999999999999996,24,swf,不确定,cpd,600*90,打折
A685,1218.94,18.0,47.99999999999999,1.6414,381.58,4.0,17,swf,不确定,roi,600*90,直降
A689,26.75,0.0,782.0,1.8645,513.57,2.0,11,swf,不确定,roi,600*90,直降
A69,117.45,9.0,37.0,1.8305,335.47,28.0,27,swf,不确定,cpd,600*90,打折
A690,69.35,1.0,761.0,1.8563,725.85,13.0,29,swf,不确定,roi,600*90,直降
A691,8.29,11.0,997.0,1.9398,532.84,14.0,17,swf,不确定,roi,600*90,直降
A692,72.51,5.999999999999999,1078.0,1.7832,690.57,5.0,11,swf,不确定,roi,600*90,直降
A693,20.33,31.0,1009.0,1.8688,768.77,26.0,23,swf,不确定,roi,600*90,直降
A694,1136.77,45.0,1007.0,2.7114,552.17,50.0,6,swf,不确定,cpd,600*90,直降
A695,0.66,0.0,7802.0,2.4835,243.51,0.0,30,swf,不确定,roi,600*90,直降
A696,0.96,0.0,9394.0,2.5909,311.92,0.0,11,swf,不确定,roi,600*90,直降
A697,29.9,0.0,812.0,1.6649,673.9,1.0,30,swf,不确定,roi,600*90,直降
A698,88.41,2.9999999999999996,758.0000000000001,1.7988,616.85,9.0,25,swf,不确定,roi,600*90,直降
A699,30.03,9.0,872.0,1.6901,572.08,1.0,27,swf,不确定,roi,600*90,直降
A7,3.11,52.0,4031.0,2.7881,313.81,54.0,13,swf,不确定,cpc,600*90,打折
A70,109.16,11.999999999999998,30.0,1.9749,360.02,7.0,13,swf,不确定,cpd,600*90,打折
A700,111.35,10.0,852.0,2.0015,526.58,8.0,30,swf,不确定,roi,600*90,直降
A701,77.85,8.0,544.0,1.7753,530.35,26.0,28,swf,不确定,roi,600*90,直降
A702,42.9,4.0,779.0,1.7904,554.1,7.0,13,swf,不确定,roi,600*90,直降
A703,1.64,0.0,1908.0,4.458,1123.75,218.0,14,swf,不确定,roi,600*90,直降
A704,1.63,0.0,6049.0,3.4585,451.3,88.0,14,swf,不确定,roi,600*90,直降
A705,2.71,0.0,6042.0,3.1484,502.25,53.0,17,swf,不确定,roi,600*90,直降
A706,0.94,91.0,6909.0,2.6545,331.6,0.0,9,swf,不确定,roi,600*90,直降
A707,1.71,0.0,6405.999999999999,2.6544,308.71,56.0,21,swf,不确定,roi,600*90,直降
A708,1.79,125.0,5750.0,3.9458,402.23,133.0,26,swf,不确定,roi,600*90,直降
A709,82.15,7.0,270.00000000000006,1.1681,492.83,2.0,14,swf,不确定,roi,600*90,直降
A71,36.84,16.0,40.0,1.7388,349.98,5.999999999999999,17,swf,不确定,cpd,600*90,打折
A710,236.71,5.0,252.0,1.1278,422.25,2.9999999999999996,29,swf,不确定,roi,600*90,直降
A711,80.21,7.0,248.0,1.2758,372.19,4.0,26,swf,不确定,roi,600*90,直降
A712,115.09,16.0,512.0,1.8003,317.08,10.0,15,swf,不确定,roi,600*90,直降
A713,405.54,2.9999999999999996,261.0,1.1573,507.82,2.0,16,swf,不确定,roi,600*90,直降
A714,368.15,1.0,289.0,1.1453,444.78,5.0,16,swf,不确定,roi,600*90,直降
A715,98.09,0.0,322.0,1.1556,491.25,2.9999999999999996,2,swf,不确定,roi,600*90,直降
A72,14.8,80.0,46.0,1.9072,447.55,19.0,15,swf,不确定,cpd,600*90,打折
A722,0.23,0.0,0.0,4.3333,329.51,725.0,5,swf,不确定,cpd,600*90,直降
A723,0.11,0.0,222.0,9.4333,804.01,2165.0,5,swf,不确定,cpd,600*90,直降
A724,4.75,33.0,3719.0,3.995,389.79,80.0,28,swf,不确定,cpd,600*90,直降
A73,22.65,9.0,13.0,1.5255,293.41,8.0,16,swf,不确定,cpd,600*90,打折
A74,61.58,5.999999999999999,41.0,1.5803,324.65,5.0,16,swf,不确定,cpd,600*90,打折
A75,6.61,88.0,57.99999999999999,2.1974,482.07,25.0,25,swf,不确定,cpd,600*90,打折
A765,31.75,0.0,0.0,2.0019,250.23,0.0,8,swf,不确定,roi,600*90,直降
A766,122.69,0.0,0.0,2.0321,184.13,0.0,29,swf,不确定,roi,600*90,直降
A767,1680.85,74.0,876.0,2.6838,356.09,112.99999999999999,15,swf,不确定,cpd,600*90,直降
A768,4.62,63.0,8701.0,4.1252,797.91,124.0,2,swf,不确定,roi,600*90,直降
A769,48.84,0.0,0.0,2.0648,282.41,0.0,27,swf,不确定,roi,600*90,直降
A770,392.66,0.0,0.0,2.1555,258.4,0.0,9,swf,不确定,roi,600*90,直降
A771,451.06,0.0,0.0,2.0421,188.43,0.0,9,swf,不确定,roi,600*90,直降
A772,241.59,0.0,0.0,2.2202,253.5,0.0,14,swf,不确定,roi,600*90,直降
A773,525.75,0.0,0.0,2.021,252.09,0.0,15,swf,不确定,roi,600*90,直降
A774,197.59,0.0,0.0,2.0991,297.26,0.0,4,swf,不确定,roi,600*90,直降
A775,876.45,0.0,0.0,2.0228,326.46,0.0,16,swf,不确定,roi,600*90,直降
A776,716.67,0.0,0.0,2.2846,236.66,0.0,29,swf,不确定,roi,600*90,直降
A777,192.63,0.0,0.0,2.1933,286.13,0.0,30,swf,不确定,roi,600*90,直降
A778,323.36,0.0,7.0,2.1823,178.28,0.0,16,swf,不确定,roi,600*90,直降
A779,803.04,0.0,17.0,2.4799,149.81,0.0,30,swf,不确定,roi,600*90,直降
A780,559.37,0.0,7.0,2.123,94.46,0.0,30,swf,不确定,roi,600*90,直降
A781,64.76,0.0,0.0,1.9951,256.57,0.0,12,swf,不确定,roi,600*90,直降
A782,116.99,0.0,0.0,2.0305,183.96,0.0,24,swf,不确定,roi,600*90,直降
A783,645.58,0.0,0.0,2.1543,231.31,1.0,7,swf,不确定,roi,600*90,直降
A784,386.23,0.0,0.0,2.0153,308.77,0.0,15,swf,不确定,roi,600*90,直降
A785,283.03,1.0,0.0,2.1235,328.11,1.0,24,swf,不确定,roi,600*90,直降
A786,935.84,0.0,0.0,2.0259,314.37,0.0,27,swf,不确定,roi,600*90,直降
A787,733.91,0.0,1.0,2.1692,222.04,0.0,21,swf,不确定,roi,600*90,直降
A788,154.99,1.0,0.0,2.0652,246.43,2.0,20,swf,不确定,roi,600*90,直降
A789,573.99,0.0,16.0,2.4101,253.02,0.0,4,swf,不确定,roi,600*90,直降
A790,568.75,0.0,18.0,2.4239,112.6,0.0,22,swf,不确定,roi,600*90,直降
A791,1434.15,0.0,27.0,1.406,218.51,0.0,26,swf,不确定,roi,600*90,直降
A792,1166.81,1.0,10.0,1.7227,129.32,0.0,12,swf,不确定,roi,600*90,直降
A793,11.85,69.99999999999999,6776.0,3.0425,486.8,69.99999999999999,13,swf,不确定,roi,600*90,直降
A794,2.46,188.0,875.0,3.975,645.35,184.0,14,swf,不确定,roi,600*90,直降
A795,1.06,245.0,4663.0,3.9755,621.63,157.0,14,swf,不确定,cpd,600*90,直降
A796,273.45,0.0,0.0,2.0382,187.23,0.0,6,swf,不确定,roi,600*90,直降
A797,468.49,0.0,0.0,2.1511,229.68,0.0,30,swf,不确定,roi,600*90,直降
A798,151.78,0.0,0.0,2.1131,327.71,1.0,20,swf,不确定,roi,600*90,直降
A799,430.4,0.0,0.0,1.9811,332.93,1.0,9,swf,不确定,roi,600*90,直降
A8,0.77,115.0,4138.0,2.2299,191.35,0.0,2,swf,不确定,cpc,600*90,打折
A800,881.65,0.0,0.0,2.122,232.79,0.0,13,swf,不确定,roi,600*90,直降
A801,526.27,0.0,0.0,2.1132,300.4,0.0,10,swf,不确定,roi,600*90,直降
A802,369.87,0.0,11.999999999999998,2.1813,196.3,2.0,15,swf,不确定,roi,600*90,直降
A803,91.08,0.0,0.0,2.1698,242.23,0.0,3,swf,不确定,roi,600*90,直降
A804,124.99,0.0,0.0,2.0332,185.72,0.0,19,swf,不确定,roi,600*90,直降
A805,123.17,0.0,0.0,2.0698,266.7,0.0,11,swf,不确定,roi,600*90,直降
A806,466.87,0.0,14.0,2.0575,213.56,0.0,1,swf,不确定,roi,600*90,直降
A807,497.7,0.0,17.0,2.4297,89.53,0.0,23,swf,不确定,roi,600*90,直降
A808,533.73,0.0,4.0,2.0839,85.83,0.0,2,swf,不确定,roi,600*90,直降
A809,580.53,0.0,0.0,2.1909,241.37,0.0,4,swf,不确定,roi,600*90,直降
A810,714.43,0.0,5.999999999999999,1.9956,211.52,0.0,26,swf,不确定,roi,600*90,直降
A811,317.57,0.0,0.0,2.0904,299.88,0.0,26,swf,不确定,roi,600*90,直降
A812,558.48,0.0,10.0,2.5033,172.26,0.0,28,swf,不确定,roi,600*90,直降
A813,2200.39,0.0,26.0,1.5730000000000002,218.53,0.0,24,swf,不确定,roi,600*90,直降
A814,604.84,0.0,4.0,2.2709,122.73,0.0,25,swf,不确定,roi,600*90,秒杀
A815,715.77,0.0,0.0,2.0563,253.99,0.0,28,swf,不确定,roi,600*90,秒杀
A816,2167.97,0.0,0.0,2.0895,376.69,0.0,24,swf,不确定,roi,600*90,秒杀
A817,394.3,0.0,0.0,2.6812,344.62,0.0,26,swf,不确定,roi,600*90,秒杀
A818,609.12,1.0,5.0,2.9256,335.58,1.0,28,swf,不确定,roi,600*90,秒杀
A819,386.16,0.0,2.9999999999999996,2.5766,159.34,0.0,21,swf,不确定,roi,600*90,秒杀
A820,67.24,0.0,2.9999999999999996,2.1527,258.95,0.0,10,swf,不确定,roi,600*90,秒杀
A821,121.94,0.0,1.0,2.0297,184.99,0.0,16,swf,不确定,roi,600*90,秒杀
A822,46.92,0.0,0.0,1.9105,197.56,0.0,15,swf,不确定,roi,600*90,秒杀
A823,133.72,0.0,0.0,1.9878,291.94,0.0,23,swf,不确定,roi,600*90,秒杀
A824,339.39,0.0,10.0,1.9986,200.04,0.0,13,swf,不确定,roi,600*90,秒杀
A828,19.64,0.0,753.0000000000001,1.8636,156.3,19.0,22,jpg,不确定,roi,600*90,秒杀
A829,1.12,0.0,1278.0,1.5789,129.15,0.0,28,jpg,不确定,roi,600*90,秒杀
A830,14.04,0.0,200.0,1.7465,124.91,2.0,30,jpg,不确定,roi,600*90,满赠
A831,25.48,0.0,75.0,2.099,142.16,4.0,27,jpg,不确定,roi,600*90,满赠
A832,16.34,0.0,189.0,1.8854,157.41,1.0,14,jpg,不确定,roi,600*90,满赠
A833,3.96,0.0,19.0,1.5364,125.04,11.999999999999998,21,jpg,不确定,roi,600*90,满赠
A834,0.76,0.0,10370.0,1.3086,236.06,0.0,14,jpg,不确定,roi,600*90,满赠
A835,1.43,0.0,1341.0,6.067,630.79,666.0000000000001,21,jpg,不确定,roi,600*90,满赠
A836,26.64,0.0,41.0,2.8518,282.28,0.0,22,jpg,不确定,roi,600*90,满赠
A837,2.59,0.0,147.0,2.2198,144.09,28.0,28,jpg,不确定,roi,600*90,满赠
A838,14.87,5.0,20.0,1.9985,196.04,26.0,20,jpg,不确定,roi,600*90,满赠
A839,49.73,0.0,8.0,2.3221,42.84,0.0,13,jpg,不确定,roi,600*90,满赠
A840,176.58,0.0,17.0,2.3496,38.59,0.0,28,jpg,不确定,roi,600*90,满赠
A841,416.84,0.0,18.0,2.3554,38.78,1.0,19,jpg,不确定,roi,600*90,满赠
A842,408.11,0.0,13.0,2.2521,38.21,0.0,20,jpg,不确定,roi,600*90,满赠
A843,6.06,0.0,0.0,2.275,201.35,11.999999999999998,12,jpg,不确定,roi,600*90,满赠
A862,0.79,0.0,0.0,2.8354,66.37,0.0,14,jpg,不确定,roi,600*90,秒杀
A863,0.72,0.0,4805.0,1.6883,467.18,0.0,11,jpg,不确定,roi,600*90,秒杀
A864,0.76,0.0,117.0,10.1211,1005.39,909.0,27,jpg,不确定,roi,600*90,秒杀
A865,1741.81,1.0,22.0,2.4836,98.39,0.0,18,jpg,不确定,roi,600*90,秒杀
A866,6098.97,2.9999999999999996,77.0,2.421,140.04,9.0,4,jpg,不确定,roi,600*90,秒杀
A867,172.62,2.0,32.0,2.8346,303.85,2.0,5,jpg,不确定,roi,600*90,秒杀
A868,10.42,0.0,28.0,2.7075,277.46,0.0,20,jpg,不确定,roi,600*90,秒杀
A869,20.94,0.0,42.0,2.6971,275.51,1.0,10,jpg,不确定,roi,600*90,秒杀
A870,848.12,2.0,57.0,3.0121,308.63,5.0,15,jpg,不确定,roi,600*90,秒杀
A871,65.09,22.0,461.0,3.6031,310.8,40.0,30,jpg,不确定,roi,600*90,秒杀
A872,52.41,2.0,15.0,2.8241,250.8,0.0,6,jpg,不确定,roi,600*90,秒杀
A873,417.27,0.0,66.0,2.7978,281.09,4.0,18,jpg,不确定,roi,600*90,秒杀
A874,386.96,11.999999999999998,193.0,3.1531,250.27,49.0,10,jpg,不确定,roi,600*90,秒杀
A875,8.16,47.0,198.00000000000003,1.8884,232.34,20.0,29,jpg,不确定,roi,600*90,秒杀
A876,1008.22,2.9999999999999996,47.0,2.2518,71.82,9.0,30,jpg,不确定,roi,600*90,秒杀
A877,87.49,0.0,16.0,2.2137,44.81,1.0,11,jpg,不确定,roi,600*90,秒杀
A878,40.21,0.0,27.0,2.184,39.11,0.0,6,jpg,不确定,roi,600*90,秒杀
A879,152.22,1.0,28.999999999999996,2.2023,93.46,0.0,6,jpg,不确定,roi,600*90,秒杀
A880,91.79,53.0,240.0,3.7476,541.15,142.0,22,jpg,不确定,roi,600*90,秒杀
A881,1488.17,14.0,71.0,2.1687,145.95,28.999999999999996,3,jpg,不确定,roi,480*360,秒杀
A9,4.97,57.0,2702.0,5.5553,465.83,244.00000000000003,24,swf,不确定,cpc,600*90,打折
A97,0.61,95.99999999999999,961.9999999999999,5.9712,917.39,351.0,28,swf,不确定,cpm,600*90,打折
A98,1.2,0.0,4480.0,2.0,219.0,0.0,15,swf,不确定,cpm,600*90,打折
A99,16516.13,9.0,59.0,1.7708,531.53,19.0,10,swf,不确定,cpm,600*90,打折
A108,162.88,0.0,0.0,1.0077,22.92,0.0,6,jpg,横幅,cpm,600*90,直降
A109,9.99,0.0,10.0,1.009,18.77,0.0,10,jpg,横幅,cpm,600*90,直降
A110,502.84,1.0,0.0,1.0149,38.92,0.0,19,jpg,横幅,cpm,600*90,直降
A111,168.31,0.0,2.0,1.023,77.98,1.0,2,jpg,横幅,cpm,600*90,直降
A112,32.76,0.0,2.9999999999999996,1.0387,96.85,0.0,30,jpg,横幅,cpm,600*90,直降
A113,139.99,2.9999999999999996,1.0,1.0344,114.88,1.0,16,jpg,横幅,cpm,600*90,直降
A116,4.78,50.0,4908.0,3.7002,489.25,80.0,9,jpg,横幅,cpc,600*90,直降
A117,5.1,30.0,5342.0,4.631,451.28,135.0,9,jpg,横幅,cpc,600*90,直降
A156,306.37,0.0,33.0,1.3893,241.02,1.0,9,jpg,横幅,cpc,600*90,直降
A157,152.72,1.0,28.0,1.8394,176.11,1.0,30,jpg,横幅,cpc,600*90,直降
A158,88.86,0.0,31.0,1.9085,98.14,0.0,7,jpg,横幅,cpc,600*90,直降
A159,287.93,0.0,27.0,1.8996,114.92,0.0,2,jpg,横幅,cpc,600*90,直降
A160,565.31,0.0,22.0,1.7711,173.16,0.0,30,jpg,横幅,cpc,600*90,直降
A161,568.8,1.0,17.0,1.6585,134.03,0.0,14,jpg,横幅,cpc,600*90,直降
A162,178.9,0.0,17.0,1.8327,107.28,0.0,5,jpg,横幅,cpc,600*90,直降
A163,0.74,0.0,132.0,1.9211,426.0,0.0,8,jpg,横幅,cpc,600*90,直降
A164,1322.14,14.0,50.0,1.3908,274.15,4.0,20,jpg,横幅,cpc,600*90,直降
A165,87.48,2.0,59.0,1.3419,258.99,4.0,5,jpg,横幅,cpc,600*90,直降
A166,543.67,9.0,46.0,1.2429,316.72,2.0,12,jpg,横幅,cpc,600*90,直降
A167,39.18,0.0,55.0,1.2206,259.97,2.0,18,jpg,横幅,cpc,600*90,直降
A168,1.25,0.0,0.0,2.1061,318.56,0.0,13,jpg,横幅,cpc,600*90,直降
A177,55.07,14.0,46.0,1.9271,383.78,14.0,16,jpg,横幅,cpc,600*90,直降
A183,0.06,0.0,0.0,1.1656,409.5,0.0,10,jpg,横幅,cpc,600*90,直降
A184,579.0,0.0,11.999999999999998,1.8318,80.3,0.0,3,jpg,横幅,cpc,600*90,直降
A185,398.8,0.0,2.0,1.8756,99.27,0.0,4,jpg,横幅,cpc,600*90,直降
A186,498.85,0.0,28.999999999999996,1.8693,124.97,0.0,19,jpg,横幅,cpc,600*90,直降
A187,477.69,0.0,25.0,1.7601,157.33,0.0,26,jpg,横幅,cpc,600*90,直降
A188,1281.1,0.0,26.0,1.8829,115.39,0.0,10,jpg,横幅,cpc,600*90,直降
A189,359.93,0.0,18.0,1.7518,176.82,0.0,5,jpg,横幅,cpc,600*90,直降
A191,167.44,66.0,1574.0000000000002,4.2488,404.57,86.0,18,jpg,横幅,cpc,600*90,直降
A192,173.43,53.0,849.0,4.2528,365.57,51.00000000000001,7,jpg,横幅,cpc,600*90,直降
A193,63.48,61.00000000000001,1439.0,3.6239,331.89,59.0,29,jpg,横幅,cpc,600*90,直降
A194,518.78,41.0,562.0,3.0421,258.29,32.0,12,jpg,横幅,cpc,600*90,直降
A195,391.13,0.0,11.0,1.8291,77.0,0.0,19,jpg,横幅,cpc,600*90,直降
A196,266.4,0.0,2.9999999999999996,1.8802,96.95,0.0,5,jpg,横幅,cpc,600*90,直降
A197,225.01,1.0,19.0,1.8384,95.36,0.0,10,jpg,横幅,cpc,600*90,直降
A198,87.42,71.0,231.0,2.3304,201.35,59.0,5,jpg,横幅,cpc,600*90,直降
A199,713.75,0.0,11.999999999999998,1.8215,80.46,0.0,17,jpg,横幅,cpc,600*90,直降
A200,638.76,0.0,8.0,1.5621,178.65,0.0,15,jpg,横幅,cpc,600*90,直降
A201,623.6,0.0,4.0,1.8561,98.93,0.0,11,jpg,横幅,cpc,600*90,直降
A202,38.57,2.9999999999999996,28.0,1.8591,76.34,2.0,6,jpg,横幅,cpc,600*90,直降
A204,538.46,1.0,31.0,1.8848,127.14,1.0,7,jpg,横幅,cpc,600*90,直降
A205,315.57,2.0,35.0,1.816,123.49,2.0,23,jpg,横幅,cpc,600*90,直降
A206,0.49,0.0,857.0,4.3429,548.6,0.0,8,jpg,横幅,cpc,600*90,直降
A207,292.98,0.0,25.0,1.8332,138.98,0.0,2,jpg,横幅,cpc,600*90,直降
A208,296.14,0.0,31.0,1.9034,101.06,0.0,2,jpg,横幅,cpc,600*90,直降
A209,36.53,8.0,91.0,2.1337,161.22,10.0,7,jpg,横幅,cpc,600*90,直降
A210,2604.89,1.0,11.0,1.873,76.43,0.0,11,jpg,横幅,cpc,600*90,直降
A211,1.44,0.0,68.0,1.0,86.0,0.0,4,jpg,横幅,cpc,600*90,直降
A212,0.93,0.0,0.0,1.5914,59.28,0.0,4,jpg,横幅,cpc,600*90,直降
A213,830.9,0.0,15.0,1.8754,77.77,0.0,5,jpg,横幅,cpc,600*90,直降
A214,61.83,2.0,0.0,1.9279,83.03,1.0,27,jpg,横幅,cpc,600*90,直降
A217,0.88,0.0,566.0,3.783,417.36,54.0,4,jpg,横幅,cpc,600*90,直降
A218,413.49,0.0,33.0,2.0443,151.66,0.0,1,jpg,横幅,cpc,600*90,直降
A219,0.6,0.0,930.0,3.6047,422.59,40.0,21,jpg,横幅,cpc,600*90,直降
A220,267.82,0.0,27.0,1.8544,124.81,0.0,15,jpg,横幅,cpc,600*90,直降
A221,151.88,0.0,22.0,1.7966,175.38,0.0,6,jpg,横幅,cpc,600*90,直降
A222,548.71,0.0,23.0,1.9003,118.96,0.0,22,jpg,横幅,cpc,600*90,直降
A223,5.24,0.0,0.0,1.9237,119.78,0.0,27,jpg,横幅,cpc,600*90,直降
A224,1345.56,0.0,11.0,1.8324,80.33,0.0,28,jpg,横幅,cpc,600*90,直降
A225,950.39,0.0,7.0,1.4946,221.93,1.0,20,jpg,横幅,cpc,600*90,直降
A226,707.09,0.0,4.0,1.8627,98.31,0.0,3,jpg,横幅,cpc,600*90,直降
A227,88.72,0.0,17.0,2.2162,165.41,0.0,9,jpg,横幅,cpc,600*90,直降
A228,155.81,0.0,23.999999999999996,1.8435,100.2,0.0,8,jpg,横幅,cpc,600*90,直降
A229,136.97,0.0,22.0,1.8675,77.1,1.0,5,jpg,横幅,cpc,600*90,直降
A230,309.7,0.0,13.0,1.8047,86.29,0.0,5,jpg,横幅,cpc,600*90,直降
A231,117.5,1.0,25.0,1.8284,101.37,0.0,21,jpg,横幅,cpc,600*90,直降
A232,106.87,0.0,23.999999999999996,2.1959,165.49,0.0,2,jpg,横幅,cpc,600*90,直降
A233,297.22,1.0,28.999999999999996,1.8578,123.74,0.0,24,jpg,横幅,cpc,600*90,直降
A234,167.75,0.0,26.0,1.8706,185.82,2.9999999999999996,18,jpg,横幅,cpc,600*90,直降
A235,829.38,0.0,25.0,1.8948,107.93,2.0,24,jpg,横幅,cpc,600*90,直降
A236,634.46,0.0,14.0,1.7834,159.79,0.0,15,jpg,横幅,cpc,600*90,直降
A237,184.86,0.0,17.0,1.823,83.28,2.9999999999999996,7,jpg,横幅,cpc,600*90,直降
A238,444.57,0.0,9.0,1.3652,163.19,1.0,1,jpg,横幅,cpc,600*90,直降
A239,99.87,0.0,8.0,1.8737,93.7,0.0,25,jpg,横幅,cpc,600*90,直降
A240,255.12,0.0,20.0,1.987,192.27,0.0,23,jpg,横幅,cpc,600*90,直降
A241,484.6,0.0,23.999999999999996,1.7611,210.73,0.0,28,jpg,横幅,cpc,600*90,直降
A242,289.89,0.0,23.999999999999996,1.9907,142.93,0.0,28,jpg,横幅,cpc,600*90,直降
A243,286.49,0.0,16.0,2.0016,217.64,0.0,15,jpg,横幅,cpc,600*90,直降
A244,518.55,0.0,14.0,1.8053,158.75,1.0,29,jpg,横幅,cpc,600*90,直降
A245,981.16,0.0,15.0,1.864,77.2,1.0,1,jpg,横幅,cpc,600*90,直降
A246,557.57,1.0,13.0,1.6529,132.02,1.0,25,jpg,横幅,cpc,600*90,直降
A247,169.09,0.0,25.0,1.8829,94.91,0.0,21,jpg,横幅,cpc,600*90,直降
A248,119.4,1.0,20.0,1.8281,148.43,0.0,20,jpg,横幅,cpc,600*90,直降
A249,119.14,0.0,11.0,1.8204,112.15,0.0,29,jpg,横幅,cpc,600*90,直降
A250,131.73,0.0,27.0,2.2175,173.47,0.0,27,jpg,横幅,cpc,600*90,直降
A251,365.14,1.0,27.0,1.8602,125.84,0.0,16,jpg,横幅,cpc,600*90,直降
A252,215.6,0.0,23.999999999999996,1.8047,177.7,0.0,23,jpg,横幅,cpc,600*90,直降
A253,765.2,0.0,23.999999999999996,1.8905,120.83,0.0,6,jpg,横幅,cpc,600*90,直降
A254,257.8,0.0,21.0,1.8435,101.63,0.0,18,jpg,横幅,cpc,600*90,直降
A255,565.89,0.0,14.0,1.7371,189.85,0.0,28,jpg,横幅,cpc,600*90,直降
A256,198.03,1.0,10.0,1.8663,78.97,2.0,1,jpg,横幅,cpc,600*90,直降
A257,474.41,0.0,18.0,1.8065,86.81,0.0,19,jpg,横幅,cpc,600*90,直降
A258,365.39,0.0,4.0,1.8689,99.78,0.0,14,jpg,横幅,cpc,600*90,直降
A259,467.28,0.0,20.0,1.9663,197.13,0.0,8,jpg,横幅,cpc,600*90,直降
A260,117.98,0.0,31.0,2.0146,128.38,0.0,13,jpg,横幅,cpc,600*90,直降
A261,680.23,0.0,23.0,1.9802,149.7,0.0,20,jpg,横幅,cpc,600*90,直降
A262,51.93,0.0,19.0,1.8797,76.3,0.0,3,jpg,横幅,cpc,600*90,直降
A263,537.37,0.0,13.0,1.8393,82.17,0.0,11,jpg,横幅,cpc,600*90,直降
A264,364.77,1.0,2.9999999999999996,1.8955,96.57,2.9999999999999996,20,jpg,横幅,cpc,600*90,直降
A265,228.07,0.0,22.0,1.8451,99.91,0.0,9,jpg,横幅,cpc,600*90,直降
A266,428.28,0.0,16.0,1.7397,193.96,0.0,28,jpg,横幅,cpc,600*90,直降
A267,741.94,0.0,10.0,1.846,80.12,0.0,30,jpg,横幅,cpc,600*90,直降
A268,361.74,0.0,2.9999999999999996,1.8679,99.38,0.0,11,jpg,横幅,cpc,600*90,直降
A269,0.65,0.0,5429.000000000001,1.6429,131.13,0.0,10,jpg,横幅,cpc,600*90,直降
A270,180.05,0.0,23.999999999999996,2.2217,169.44,0.0,11,jpg,横幅,cpc,600*90,直降
A271,498.19,0.0,27.0,1.8619,123.98,0.0,16,jpg,横幅,cpc,600*90,直降
A272,478.65,0.0,28.999999999999996,1.7664,158.25,0.0,11,jpg,横幅,cpc,600*90,直降
A273,1032.75,0.0,26.0,1.8981,116.3,0.0,13,jpg,横幅,cpc,600*90,直降
A274,263.58,0.0,28.0,1.9906,195.62,0.0,1,jpg,横幅,cpc,600*90,直降
A275,75.0,0.0,20.0,2.039,143.59,0.0,23,jpg,横幅,cpc,600*90,直降
A276,473.33,1.0,23.999999999999996,1.741,208.98,0.0,18,jpg,横幅,cpc,600*90,直降
A277,189.59,0.0,23.0,2.0546,176.67,0.0,6,jpg,横幅,cpc,600*90,直降
A278,290.83,0.0,14.0,1.7971,85.86,0.0,25,jpg,横幅,cpc,600*90,打折
A279,318.47,1.0,8.0,1.8577,77.19,2.0,10,jpg,横幅,cpc,600*90,打折
A280,271.14,0.0,4.0,1.9033,98.79,4.0,9,jpg,横幅,cpc,600*90,打折
A281,543.34,0.0,20.0,1.9942,191.28,0.0,20,jpg,横幅,cpc,600*90,打折
A282,138.79,0.0,21.0,2.0325,125.49,0.0,11,jpg,横幅,cpc,600*90,打折
A283,367.32,0.0,27.0,1.927,137.48,1.0,10,jpg,横幅,cpc,600*90,打折
A383,24.82,22.0,761.0,3.0297,308.71,92.0,11,jpg,横幅,cpc,600*90,直降
A42,617.68,0.0,21.0,1.1434,147.66,0.0,7,jpg,横幅,cpc,600*90,直降
A43,810.12,1.0,19.0,1.1485,77.19,1.0,12,jpg,横幅,cpc,600*90,直降
A44,5.47,0.0,0.0,1.5504,261.59,22.0,9,gif,横幅,cpc,600*90,直降
A512,1.97,0.0,0.0,1.3858,2.26,0.0,30,jpg,横幅,cpc,600*90,直降
A513,1.97,0.0,0.0,1.3756,1.93,0.0,26,jpg,横幅,cpc,600*90,直降
A514,1.95,0.0,0.0,1.3846,2.41,0.0,5,jpg,横幅,cpc,600*90,直降
A515,1.98,0.0,0.0,1.3838,2.38,0.0,6,jpg,横幅,cpc,600*90,直降
A516,1.97,0.0,0.0,1.3807,2.44,0.0,21,jpg,横幅,cpc,600*90,直降
A517,1.97,0.0,0.0,1.3807,2.35,0.0,7,jpg,横幅,cpc,600*90,直降
A518,1.97,0.0,0.0,1.3807,2.69,0.0,17,jpg,横幅,cpc,600*90,直降
A519,1.96,0.0,0.0,1.3827,2.47,0.0,3,jpg,横幅,cpc,600*90,直降
A520,1.96,0.0,0.0,1.3878,2.85,0.0,6,jpg,横幅,cpc,600*90,直降
A521,1.98,0.0,0.0,1.3838,2.46,0.0,5,jpg,横幅,cpc,600*90,直降
A522,1.98,0.0,0.0,1.3687,2.43,0.0,30,jpg,横幅,cpc,600*90,直降
A523,1.96,0.0,0.0,1.3827,2.52,0.0,8,jpg,横幅,cpc,600*90,直降
A524,1.98,0.0,0.0,1.3838,2.38,0.0,25,jpg,横幅,cpc,600*90,直降
A525,1.98,0.0,0.0,1.3737,2.32,0.0,4,jpg,横幅,cpc,600*90,直降
A526,1.98,0.0,0.0,1.3788,1.93,0.0,26,jpg,横幅,cpc,600*90,直降
A527,1.98,0.0,0.0,1.3737,2.08,0.0,22,jpg,横幅,cpc,600*90,直降
A528,1.97,0.0,0.0,1.3807,2.57,0.0,4,jpg,横幅,cpc,600*90,直降
A529,1.98,0.0,0.0,1.3687,2.39,0.0,18,jpg,横幅,cpc,600*90,直降
A530,1.95,0.0,0.0,1.3846,2.7,0.0,9,jpg,横幅,cpc,600*90,直降
A531,1.99,0.0,0.0,1.3819,2.38,0.0,29,jpg,横幅,cpc,600*90,直降
A532,1.99,0.0,0.0,1.3769,2.54,0.0,9,jpg,横幅,cpc,600*90,直降
A533,1.95,0.0,0.0,1.3846,2.28,0.0,9,jpg,横幅,cpc,600*90,直降
A534,1.99,0.0,0.0,1.3819,2.45,0.0,1,jpg,横幅,cpc,600*90,直降
A535,1.99,0.0,0.0,1.3819,1.95,0.0,15,jpg,横幅,cpc,600*90,直降
A536,1.98,0.0,0.0,1.3889,2.32,0.0,5,jpg,横幅,cpc,600*90,直降
A537,1.97,0.0,0.0,1.3807,2.57,0.0,21,jpg,横幅,cpc,600*90,直降
A538,1.99,0.0,0.0,1.3769,2.15,0.0,3,jpg,横幅,cpc,600*90,直降
A539,1.97,0.0,0.0,1.3858,2.73,0.0,3,jpg,横幅,cpc,600*90,直降
A540,1.98,0.0,0.0,1.3788,1.99,0.0,28,jpg,横幅,cpc,600*90,直降
A541,1.98,0.0,0.0,1.3788,1.87,0.0,30,jpg,横幅,cpc,600*90,直降
A542,1.97,0.0,0.0,1.3706,1.95,0.0,12,jpg,横幅,cpc,600*90,直降
A543,1.98,0.0,0.0,1.3889,1.99,0.0,26,jpg,横幅,cpc,600*90,直降
A544,1.99,0.0,0.0,1.3869,1.77,0.0,3,jpg,横幅,cpc,600*90,直降
A545,1.97,0.0,0.0,1.3858,2.16,0.0,22,jpg,横幅,cpc,600*90,直降
A546,1.96,0.0,0.0,1.3776,2.23,0.0,10,jpg,横幅,cpc,600*90,直降
A547,1.98,0.0,0.0,1.3838,2.26,0.0,15,jpg,横幅,cpc,600*90,直降
A548,1.97,0.0,0.0,1.3807,1.78,0.0,9,jpg,横幅,cpc,600*90,满赠
A549,1.93,0.0,0.0,1.3834,1.64,0.0,21,jpg,横幅,cpc,600*90,满赠
A570,1291.11,28.0,95.99999999999999,2.515,415.74,31.0,16,jpg,横幅,cpc,600*90,直降
A571,1738.51,39.0,32.0,1.6265,371.22,14.0,19,jpg,横幅,cpc,600*90,直降
A572,220.92,28.0,72.0,1.8516,362.49,20.0,21,jpg,横幅,cpc,600*90,直降
A573,53.48,9.0,120.0,1.5774,303.9,22.0,5,jpg,横幅,cpc,600*90,满赠
A574,6.52,66.0,160.0,3.8404,472.56,55.0,1,jpg,横幅,cpc,600*90,满赠
A575,114.47,62.0,159.0,2.857,377.61,38.0,22,jpg,横幅,cpc,600*90,满赠
A576,28.69,2.9999999999999996,95.0,2.2779,368.38,23.0,10,jpg,横幅,cpc,600*90,满赠
A577,116.84,22.0,81.0,2.7337,308.91,37.0,18,jpg,横幅,cpc,600*90,满赠
A578,10.16,31.0,176.0,6.204,470.76,166.0,30,jpg,横幅,cpc,600*90,满返
A579,5.92,0.0,364.0,2.9367,398.58,36.0,25,jpg,横幅,cpc,600*90,满返
A580,165.79,27.0,42.0,2.2885,354.68,28.999999999999996,25,jpg,横幅,cpc,600*90,满返
A581,164.69,22.0,218.0,2.3847,364.85,40.0,3,jpg,横幅,cpc,600*90,满返
A582,225.59,17.0,139.0,2.3273,347.66,27.0,4,jpg,横幅,cpc,600*90,满返
A583,18.63,20.0,138.0,1.8717,388.38,19.0,21,jpg,横幅,cpc,600*90,满返
A584,17.28,39.0,112.0,2.2847,379.8,19.0,22,jpg,横幅,cpc,600*90,满返
A585,44.07,53.0,141.0,2.0799,402.74,18.0,1,jpg,横幅,cpc,600*90,满返
A586,28.77,10.0,40.0,2.2984,311.59,35.0,1,jpg,横幅,cpc,600*90,满返
A587,27.17,54.0,306.0,2.6977,407.39,52.0,9,jpg,横幅,cpc,600*90,满返
A588,152.97,35.0,208.0,3.6382,391.23,57.99999999999999,22,jpg,横幅,cpc,600*90,满返
A589,130.41,84.0,214.99999999999997,3.9953,399.94,89.0,1,jpg,横幅,cpc,600*90,满返
A590,212.86,47.0,34.0,2.6839,222.59,31.0,26,jpg,横幅,cpc,600*90,满返
A591,3.38,28.999999999999996,0.0,3.6532,254.91,56.0,9,jpg,横幅,cpc,600*90,满返
A592,49.17,45.0,39.0,3.0582,370.45,43.0,22,jpg,横幅,cpc,600*90,满返
A593,88.94,99.00000000000001,182.0,3.4988,352.99,32.0,1,jpg,横幅,cpc,600*90,满返
A594,568.39,27.0,179.0,3.4610000000000003,389.42,44.0,13,jpg,横幅,cpc,600*90,满返
A595,152.9,17.0,137.0,2.485,370.96,32.0,7,jpg,横幅,cpc,600*90,满返
A596,77.32,11.0,143.0,2.3613,294.53,13.0,30,jpg,横幅,cpc,600*90,满返
A597,80.18,19.0,124.0,2.2023,372.06,23.999999999999996,19,jpg,横幅,cpc,600*90,满返
A598,66.93,14.0,151.0,2.2574,355.74,21.0,19,jpg,横幅,cpc,600*90,满返
A599,13.23,35.0,214.99999999999997,3.6223,387.24,92.0,4,jpg,横幅,cpc,600*90,满返
A600,59.75,16.0,184.0,1.8876,312.8,14.0,9,jpg,横幅,cpc,600*90,满返
A601,1496.41,15.0,64.0,1.6607,381.72,28.999999999999996,12,jpg,横幅,cpc,600*90,满返
A602,56.51,7.0,191.0,1.0501,317.5,0.0,23,jpg,横幅,cpc,600*90,满返
A603,141.42,0.0,77.0,1.0307,443.16,0.0,24,jpg,横幅,cpc,600*90,满返
A604,85.36,10.0,128.0,1.7968,358.04,23.0,17,jpg,横幅,cpc,600*90,满返
A605,238.17,11.0,94.0,1.5522,373.64,17.0,10,jpg,横幅,cpc,600*90,满返
A606,128.47,37.0,202.0,2.8795,451.55,71.0,4,jpg,横幅,cpc,600*90,满返
A607,160.7,14.0,88.0,1.6137,409.33,13.0,11,jpg,横幅,cpc,600*90,满返
A608,99.94,9.0,67.0,1.3371,330.23,13.0,12,jpg,横幅,cpc,600*90,满返
A609,273.33,7.0,74.0,1.4469,416.74,13.0,28,jpg,横幅,cpc,600*90,满返
A610,200.65,9.0,78.0,1.4506,333.16,20.0,20,jpg,横幅,cpc,600*90,满返
A611,61.51,21.0,97.0,2.468,396.4,36.0,15,jpg,横幅,cpc,600*90,满返
A612,775.72,9.0,78.0,1.2177,361.88,4.0,14,jpg,横幅,cpc,600*90,满返
A613,156.17,20.0,98.0,1.4167,356.71,11.0,11,jpg,横幅,cpc,600*90,满返
A614,275.84,2.0,83.0,1.1308,249.53,1.0,12,jpg,横幅,cpc,600*90,满返
A615,170.0,9.0,94.0,1.544,322.64,16.0,16,jpg,横幅,cpc,600*90,满返
A616,22.9,56.0,253.0,5.0489,527.38,115.0,29,jpg,横幅,cpc,600*90,满返
A617,780.58,11.0,89.0,1.3948,420.27,13.0,23,jpg,横幅,cpc,600*90,满返
A618,85.32,18.0,89.0,1.6148,437.79,16.0,21,jpg,横幅,cpc,600*90,满返
A619,131.23,1.0,88.0,1.193,296.82,5.0,8,jpg,横幅,cpc,600*90,满返
A620,179.34,56.0,176.0,2.8243,379.59,54.0,14,jpg,横幅,cpc,600*90,满返
A621,226.77,23.999999999999996,86.0,2.1403,348.25,25.0,14,jpg,横幅,cpc,600*90,满返
A622,215.31,33.0,127.0,2.4599,323.47,38.0,20,jpg,横幅,cpc,600*90,满返
A623,319.57,23.999999999999996,97.0,1.9923,395.45,23.0,30,jpg,横幅,cpc,600*90,满返
A624,285.42,33.0,118.0,2.3893,331.16,38.0,23,jpg,横幅,cpc,600*90,满返
A625,19.43,55.0,191.0,4.2362,411.64,91.0,1,jpg,横幅,cpc,600*90,满返
A626,710.28,9.0,91.0,1.3803,399.01,13.0,29,jpg,横幅,cpc,600*90,满返
A627,106.02,11.0,131.0,1.6237,390.91,18.0,6,jpg,横幅,cpc,600*90,满返
A628,266.1,7.0,87.0,1.4539,355.16,11.999999999999998,7,jpg,横幅,cpc,600*90,满返
A629,140.06,27.0,191.99999999999997,2.0499,222.81,33.0,26,jpg,横幅,cpc,600*90,满返
A630,204.56,7.0,83.0,1.5727,212.32,9.0,25,jpg,横幅,cpc,600*90,满返
A631,147.75,15.0,95.99999999999999,1.7112,220.04,17.0,22,jpg,横幅,cpc,600*90,满返
A632,251.62,5.999999999999999,84.0,1.2753,359.75,5.0,13,jpg,横幅,cpc,600*90,满返
A633,182.16,10.0,115.0,1.6587,375.51,17.0,24,jpg,横幅,cpc,600*90,满返
A634,154.2,56.0,117.0,3.1399,336.53,49.0,13,jpg,横幅,cpc,600*90,满返
A635,2040.55,21.0,55.0,1.7619,433.43,9.0,12,jpg,横幅,cpc,600*90,满返
A636,208.57,32.0,118.0,2.2968,315.13,28.0,18,jpg,横幅,cpc,600*90,满返
A637,247.66,5.999999999999999,92.99999999999999,1.2236,369.21,7.0,26,jpg,横幅,cpc,600*90,满返
A638,209.58,0.0,71.0,1.1523,236.55,5.0,26,jpg,横幅,cpc,600*90,满返
A639,35.58,87.0,120.0,3.5187,409.15,59.0,1,jpg,横幅,cpc,600*90,满返
A640,867.45,28.0,309.0,2.0066,400.83,30.0,24,jpg,横幅,cpc,600*90,满返
A641,76.62,34.0,88.0,1.6812,360.56,13.0,26,jpg,横幅,cpc,600*90,满返
A642,118.74,1.0,94.0,1.0433,382.39,1.0,3,jpg,横幅,cpc,600*90,满返
A643,748.47,7.0,83.0,1.3365,414.1,13.0,24,jpg,横幅,cpc,600*90,满返
A644,65.04,8.0,90.00000000000001,1.1876,345.05,2.9999999999999996,16,jpg,横幅,cpc,600*90,满返
A645,220.98,2.0,92.99999999999999,1.0336,371.87,1.0,13,jpg,横幅,cpc,600*90,满返
A646,6.49,15.0,208.99999999999997,1.3851,466.05,33.0,6,jpg,横幅,cpc,600*90,满返
A647,26.45,7.0,78.0,1.5756,450.02,16.0,9,jpg,横幅,cpc,600*90,满返
A648,20.67,0.0,81.0,1.117,214.72,1.0,19,jpg,横幅,cpc,600*90,直降
A649,22.35,9.0,62.0,1.3376,443.73,9.0,1,jpg,横幅,cpc,600*90,直降
A650,147.69,37.0,178.0,2.9416,420.73,80.0,29,jpg,横幅,cpc,600*90,直降
A651,140.12,1.0,57.99999999999999,1.1674,435.32,4.0,7,jpg,横幅,cpc,600*90,直降
A652,98.58,8.0,87.0,1.3387,312.01,10.0,25,jpg,横幅,cpc,600*90,直降
A653,267.22,11.0,88.0,1.4888,426.43,17.0,22,jpg,横幅,cpc,600*90,直降
A654,164.34,16.0,81.0,1.5115,361.71,16.0,19,jpg,横幅,cpc,600*90,直降
A655,25.92,95.0,108.0,4.0993,447.26,112.0,16,jpg,横幅,cpc,600*90,直降
A656,718.35,9.0,82.0,1.3278,402.18,10.0,3,jpg,横幅,cpc,600*90,直降
A657,86.2,43.0,95.99999999999999,1.5403,368.75,11.0,23,jpg,横幅,cpc,600*90,直降
A658,312.59,17.0,101.0,1.6938,352.59,21.0,27,jpg,横幅,cpc,600*90,直降
A659,13.19,7.0,95.0,1.4861,304.86,18.0,14,jpg,横幅,cpc,600*90,直降
A660,45.88,0.0,47.0,1.4564,225.91,7.0,3,jpg,横幅,cpc,600*90,直降
A661,14.84,0.0,60.0,1.0552,433.77,2.0,5,jpg,横幅,cpc,600*90,直降
A662,20.52,10.0,67.0,1.2304,200.02,2.0,17,jpg,横幅,cpc,600*90,直降
A663,5.9,0.0,244.00000000000003,1.1433,264.29,0.0,16,jpg,横幅,cpc,600*90,直降
A664,22.24,0.0,69.0,1.3009,405.47,5.999999999999999,23,jpg,横幅,cpc,600*90,直降
A665,20.65,0.0,56.0,1.1451,236.87,0.0,18,jpg,横幅,cpc,600*90,直降
A666,23.37,0.0,57.0,1.2077,263.55,1.0,2,jpg,横幅,cpc,600*90,直降
A667,114.18,0.0,71.0,1.0223,226.18,0.0,15,jpg,横幅,cpc,600*90,直降
A668,638.17,0.0,77.0,1.036,326.5,1.0,22,jpg,横幅,cpc,600*90,直降
A669,64.07,2.0,56.0,1.0304,268.66,0.0,10,jpg,横幅,cpc,600*90,直降
A670,216.22,1.0,85.0,1.0311,379.29,1.0,26,jpg,横幅,cpc,600*90,直降
A716,768.57,22.0,480.99999999999994,3.5344,173.44,55.0,11,jpg,横幅,cpc,600*90,直降
A718,3493.69,4.0,59.0,2.5226,131.92,9.0,12,jpg,横幅,cpc,600*90,直降
A719,12.5,0.0,202.0,2.2552,310.34,61.00000000000001,27,jpg,横幅,cpc,600*90,直降
A720,2010.3,7.0,165.0,2.9561,78.74,11.999999999999998,12,jpg,横幅,cpc,600*90,直降
A721,3.65,0.0,0.0,2.6822,46.35,0.0,23,jpg,横幅,cpc,600*90,直降
A725,371.45,2.9999999999999996,112.0,1.1378,322.56,5.0,26,jpg,横幅,cpc,600*90,直降
A726,4.36,200.0,40.0,3.2395,393.26,246.0,3,jpg,横幅,cpc,600*90,直降
A727,61.36,2.9999999999999996,92.0,1.4175,219.99,1.0,27,jpg,横幅,cpc,600*90,直降
A728,63.19,0.0,117.0,1.4318,182.71,0.0,27,jpg,横幅,cpc,600*90,直降
A729,41.97,0.0,17.0,2.2348,147.56,0.0,26,jpg,横幅,cpc,600*90,直降
A730,127.32,1.0,65.0,1.1318,333.48,1.0,24,jpg,横幅,cpc,600*90,直降
A731,102.68,1.0,69.99999999999999,1.1007,350.83,0.0,29,jpg,横幅,cpc,600*90,直降
A732,87.89,4.0,152.0,1.4067,214.85,1.0,2,jpg,横幅,cpc,600*90,直降
A733,25.46,0.0,159.0,1.4573,148.43,0.0,17,jpg,横幅,cpc,600*90,直降
A734,31.91,0.0,55.0,1.0897,310.99,1.0,3,jpg,横幅,cpc,600*90,直降
A735,11.22,0.0,121.0,1.0761,271.63,0.0,2,jpg,横幅,cpc,600*90,直降
A736,86.56,0.0,94.0,1.1302,299.21,5.999999999999999,12,jpg,横幅,cpc,600*90,直降
A737,29.16,2.9999999999999996,108.0,1.3902,212.71,1.0,15,jpg,横幅,cpc,600*90,直降
A738,8.43,0.0,156.0,1.4589,119.47,0.0,23,jpg,横幅,cpc,600*90,直降
A739,88.43,1.0,72.0,1.1156,298.95,1.0,30,jpg,横幅,cpc,600*90,直降
A740,100.83,1.0,62.0,1.11,306.65,1.0,16,jpg,横幅,cpc,600*90,直降
A741,516.51,2.9999999999999996,89.0,1.1104,336.76,2.9999999999999996,13,jpg,横幅,cpc,600*90,直降
A742,20.22,5.0,130.0,1.4755,208.7,1.0,24,jpg,横幅,cpc,600*90,直降
A743,20.48,14.0,110.0,1.4768,124.3,1.0,30,jpg,横幅,cpc,600*90,直降
A744,72.68,5.999999999999999,122.00000000000001,1.645,175.94,0.0,22,jpg,横幅,cpc,600*90,直降
A745,20.71,5.0,137.0,1.6322,105.84,1.0,12,jpg,横幅,cpc,600*90,直降
A746,103.42,0.0,79.00000000000001,1.1083,309.93,0.0,23,jpg,横幅,cpc,600*90,直降
A747,78.84,9.0,55.0,1.1112,340.94,1.0,21,jpg,横幅,cpc,600*90,直降
A748,227.98,4.0,104.0,1.1066,288.38,2.0,3,jpg,横幅,cpc,600*90,直降
A749,77.3,0.0,135.0,1.3842,216.8,0.0,25,jpg,横幅,cpc,600*90,直降
A750,88.85,0.0,106.0,1.4039,229.3,2.9999999999999996,23,jpg,横幅,cpc,600*90,直降
A751,45.53,2.0,128.0,1.5607,205.1,1.0,6,jpg,横幅,cpc,600*90,直降
A752,100.35,0.0,69.0,1.118,305.18,2.0,3,jpg,横幅,cpc,600*90,直降
A753,76.59,0.0,43.0,1.1212,295.79,0.0,6,jpg,横幅,cpc,600*90,直降
A754,564.96,2.9999999999999996,92.0,1.1189,340.37,2.9999999999999996,11,jpg,横幅,cpc,600*90,直降
A755,3.69,250.0,159.0,3.2568,370.63,213.0,22,jpg,横幅,cpc,600*90,直降
A756,0.54,120.0,0.0,5.988,785.16,882.0,26,jpg,横幅,cpc,600*90,直降
A757,93.25,0.0,49.0,1.1037,300.77,1.0,8,jpg,横幅,cpc,600*90,直降
A758,38.13,0.0,52.0,1.0733,280.93,0.0,27,jpg,横幅,cpc,600*90,直降
A759,138.69,0.0,68.0,1.1093,322.23,1.0,7,jpg,横幅,cpc,600*90,直降
A76,2.42,156.0,5826.0,3.1215,393.69,79.00000000000001,20,jpg,横幅,cpc,600*90,直降
A760,103.66,2.9999999999999996,59.0,1.1234,319.47,2.9999999999999996,18,jpg,横幅,cpc,600*90,直降
A761,421.81,2.0,97.0,1.1094,319.94,2.0,29,jpg,横幅,cpc,600*90,直降
A762,16.11,0.0,102.00000000000001,1.3539,286.76,0.0,18,jpg,横幅,cpc,600*90,直降
A763,46.16,0.0,123.0,1.3923,190.95,0.0,11,jpg,横幅,cpc,600*90,直降
A764,21.02,0.0,52.0,1.5407,63.4,0.0,27,jpg,横幅,cpc,600*90,直降
A77,12.61,23.0,63.0,1.1002,350.83,2.0,28,jpg,横幅,cpc,600*90,直降
A78,0.72,0.0,135.0,1.4595,186.73,33.0,23,jpg,横幅,cpc,600*90,直降
A79,0.81,0.0,0.0,1.6667,269.47,59.0,11,jpg,横幅,cpc,600*90,直降
A80,18.17,11.0,16.0,1.2751,125.33,8.0,17,jpg,横幅,cpc,600*90,直降
A81,3.85,51.00000000000001,26.0,1.6394,200.86,49.0,17,jpg,横幅,cpc,600*90,直降
A82,3.0,0.0,0.0,1.4885,180.85,23.999999999999996,13,jpg,横幅,cpc,600*90,直降
A825,0.81,0.0,0.0,1.8519,50.1,0.0,21,gif,横幅,cpc,600*90,直降
A827,4.42,0.0,0.0,98.9799,4450.83,0.0,29,gif,横幅,cpc,600*90,直降
A83,2.02,0.0,0.0,1.4683,284.36,94.0,16,jpg,横幅,cpc,600*90,直降
A84,2.6,76.0,0.0,1.7443,319.58,0.0,24,jpg,横幅,cpc,600*90,直降
A85,1.26,0.0,79.00000000000001,1.378,279.65,38.0,21,jpg,横幅,cpc,600*90,直降
A86,8.67,0.0,23.0,1.3299,88.05,8.0,18,jpg,横幅,cpc,600*90,直降
A87,2.9,0.0,0.0,1.2103,161.36,25.0,30,jpg,横幅,cpc,600*90,直降
A88,4.6,0.0,0.0,1.3918,60.96,0.0,19,jpg,横幅,cpc,600*90,直降
A882,8.68,40.0,4197.0,2.6044,332.11,44.0,8,jpg,横幅,cpc,480*360,秒杀
A883,3268.41,15.0,69.0,1.8947,225.85,22.0,7,jpg,横幅,cpc,600*90,秒杀
A884,4.35,0.0,23.0,1.0114,132.58,0.0,2,jpg,横幅,cpc,600*90,秒杀
A885,2417.78,16.0,55.0,1.7886,235.83,18.0,22,jpg,横幅,cpc,600*90,秒杀
A886,3.81,0.0,0.0,1.034,466.08,0.0,11,jpg,横幅,cpc,480*360,满赠
A887,12586.93,22.0,59.0,2.1795,268.1,28.0,21,jpg,横幅,cpc,480*360,满赠
A888,11.14,0.0,18.0,1.0036,130.71,0.0,16,jpg,横幅,cpc,480*360,满赠
A889,1.32,0.0,0.0,1.25,75.83,0.0,24,jpg,横幅,cpc,480*360,满赠
A89,6.16,0.0,0.0,1.3942,65.3,0.0,23,jpg,横幅,cpc,600*90,直降
A890,9669.94,11.0,23.999999999999996,1.689,405.86,16.0,23,jpg,横幅,cpc,480*360,满赠
A891,3.63,0.0,0.0,1.0054,476.24,0.0,8,jpg,横幅,cpc,480*360,满赠
A892,2.19,0.0,0.0,1.0676,506.51,0.0,24,jpg,横幅,cpc,480*360,满赠
A90,24.17,0.0,41.0,1.2949,134.15,7.0,26,jpg,横幅,cpc,600*90,直降
A91,1.66,0.0,60.0,1.3631,147.35,0.0,19,jpg,横幅,cpc,600*90,直降
A92,7.1,42.0,56.0,1.5635,254.0,60.0,25,jpg,横幅,cpc,600*90,直降
A93,32.1,11.999999999999998,23.999999999999996,1.3982,219.53,50.0,18,jpg,横幅,cpc,600*90,直降
A94,12.5,16.0,55.0,1.281,292.61,21.0,29,jpg,横幅,cpc,600*90,直降
A95,11.96,17.0,50.0,1.1533,107.01,30.0,16,jpg,横幅,cpc,600*90,直降
A96,5.72,25.0,2224.0,5.0515,521.08,83.0,4,jpg,横幅,cpc,600*90,直降
A717,310.4,2.0,71.0,2.5104,162.94,7.0,11,sp,横幅,cpc,960*126,直降
A36,0.79,0.0,0.0,4.8767,595.11,603.0,29,jpg,横幅,roi,960*126,满赠
A506,0.93,0.0,0.0,1.9785,2.42,0.0,18,jpg,横幅,cpc,960*126,满赠
A507,0.94,0.0,0.0,1.9681,1.99,0.0,10,jpg,横幅,cpc,960*126,满赠
A508,0.95,0.0,0.0,1.9789,2.62,0.0,21,jpg,横幅,cpc,960*126,满减
A509,0.92,0.0,0.0,1.9783,2.36,0.0,9,jpg,横幅,cpc,960*126,满减
A510,0.95,0.0,0.0,1.9579,2.63,0.0,2,jpg,横幅,cpc,960*126,满减
A511,0.93,0.0,0.0,1.9677,2.61,0.0,24,jpg,横幅,cpc,960*126,满减
A21,4517.26,8.0,26.0,1.8983,359.98,5.0,14,swf,tips,cpc,900*120,打折
A22,4268.8,2.0,8.0,1.5403,447.43,2.9999999999999996,19,swf,tips,cpc,900*120,打折
A23,0.97,81.0,5323.0,4.379,496.18,638.0,26,swf,tips,cpc,900*120,打折
A24,0.98,88.0,5840.999999999999,3.0619,410.61,194.0,23,swf,tips,cpc,900*120,满减
A25,653.99,1.0,110.0,1.746,543.46,2.0,18,swf,tips,cpc,900*120,满减
A26,10.35,99.00000000000001,1849.0,4.2317,421.06,122.00000000000001,16,swf,tips,cpc,900*120,满减
A27,692.78,2.0,34.0,1.6188,358.16,2.9999999999999996,25,swf,tips,cpc,900*120,满减
A28,1461.75,5.0,61.00000000000001,1.5859,396.01,7.0,17,swf,tips,cpc,900*120,满减
A29,1300.96,1.0,20.0,1.5811,682.62,1.0,6,swf,tips,cpc,900*120,满减
A30,1210.01,4.0,49.0,1.5768,499.7,5.999999999999999,14,swf,tips,cpc,900*120,满减
A31,1621.98,2.9999999999999996,28.0,1.2789,521.24,2.9999999999999996,1,swf,tips,cpc,900*120,打折
A32,2663.84,7.0,22.0,1.2722,643.69,5.0,17,swf,tips,cpc,900*120,打折
A33,342.76,7.0,101.0,1.6931,316.59,10.0,25,swf,tips,cpc,900*120,打折
A34,288.36,0.0,10.0,1.1331,540.51,1.0,6,swf,tips,cpc,900*120,打折
A37,1833.97,9.0,152.0,1.6338,450.03,13.0,3,swf,tips,cpc,900*120,打折
A38,1777.75,2.0,23.0,1.2588,513.28,2.0,5,swf,tips,cpc,900*120,打折
A39,1953.53,2.9999999999999996,26.0,1.1703,633.08,2.0,16,swf,tips,cpc,900*120,打折
A40,310.53,2.0,28.0,1.1546,543.8,1.0,22,swf,tips,cpc,900*120,打折
A41,1370.38,1.0,16.0,1.3939,613.32,1.0,10,swf,tips,cpd,900*120,打折
A826,0.86,0.0,0.0,52.6591,1932.61,0.0,19,gif,暂停,cpc,390*270,直降
